variable,numero_archivos,archivos
alcaldia,6,hechos-de-transito-reportados-por-ssc-base-comparativa.csv | nuevo_acumulado_hechos_de_transito_2023_12.csv | nuevo_acumulado_ht_personas_lesionadas_o_fallecidas_por_edad_2023_12.csv | nuevo_acumulado_ht_personas_lesionadas_o_fallecidas_por_sexo_2023_12.csv | nuevo_acumulado_ht_personas_lesionadas_o_fallecidas_por_tipo_persona_2023_12.csv | nuevo_acumulado_ht_vehiculos_incolucrados_2023_12.csv
colonia,6,hechos-de-transito-reportados-por-ssc-base-comparativa.csv | nuevo_acumulado_hechos_de_transito_2023_12.csv | nuevo_acumulado_ht_personas_lesionadas_o_fallecidas_por_edad_2023_12.csv | nuevo_acumulado_ht_personas_lesionadas_o_fallecidas_por_sexo_2023_12.csv | nuevo_acumulado_ht_personas_lesionadas_o_fallecidas_por_tipo_persona_2023_12.csv | nuevo_acumulado_ht_vehiculos_incolucrados_2023_12.csv
dia,6,hechos-de-transito-reportados-por-ssc-base-comparativa.csv | nuevo_acumulado_hechos_de_transito_2023_12.csv | nuevo_acumulado_ht_personas_lesionadas_o_fallecidas_por_edad_2023_12.csv | nuevo_acumulado_ht_personas_lesionadas_o_fallecidas_por_sexo_2023_12.csv | nuevo_acumulado_ht_personas_lesionadas_o_fallecidas_por_tipo_persona_2023_12.csv | nuevo_acumulado_ht_vehiculos_incolucrados_2023_12.csv
fecha_evento,6,hechos-de-transito-reportados-por-ssc-base-comparativa.csv | nuevo_acumulado_hechos_de_transito_2023_12.csv | nuevo_acumulado_ht_personas_lesionadas_o_fallecidas_por_edad_2023_12.csv | nuevo_acumulado_ht_personas_lesionadas_o_fallecidas_por_sexo_2023_12.csv | nuevo_acumulado_ht_personas_lesionadas_o_fallecidas_por_tipo_persona_2023_12.csv | nuevo_acumulado_ht_vehiculos_incolucrados_2023_12.csv
prioridad,6,hechos-de-transito-reportados-por-ssc-base-comparativa.csv | nuevo_acumulado_hechos_de_transito_2023_12.csv | nuevo_acumulado_ht_personas_lesionadas_o_fallecidas_por_edad_2023_12.csv | nuevo_acumulado_ht_personas_lesionadas_o_fallecidas_por_sexo_2023_12.csv | nuevo_acumulado_ht_personas_lesionadas_o_fallecidas_por_tipo_persona_2023_12.csv | nuevo_acumulado_ht_vehiculos_incolucrados_2023_12.csv
punto_1,6,hechos-de-transito-reportados-por-ssc-base-comparativa.csv | nuevo_acumulado_hechos_de_transito_2023_12.csv | nuevo_acumulado_ht_personas_lesionadas_o_fallecidas_por_edad_2023_12.csv | nuevo_acumulado_ht_personas_lesionadas_o_fallecidas_por_sexo_2023_12.csv | nuevo_acumulado_ht_personas_lesionadas_o_fallecidas_por_tipo_persona_2023_12.csv | nuevo_acumulado_ht_vehiculos_incolucrados_2023_12.csv
punto_2,6,hechos-de-transito-reportados-por-ssc-base-comparativa.csv | nuevo_acumulado_hechos_de_transito_2023_12.csv | nuevo_acumulado_ht_personas_lesionadas_o_fallecidas_por_edad_2023_12.csv | nuevo_acumulado_ht_personas_lesionadas_o_fallecidas_por_sexo_2023_12.csv | nuevo_acumulado_ht_personas_lesionadas_o_fallecidas_por_tipo_persona_2023_12.csv | nuevo_acumulado_ht_vehiculos_incolucrados_2023_12.csv
tipo_de_interseccion,6,hechos-de-transito-reportados-por-ssc-base-comparativa.csv | nuevo_acumulado_hechos_de_transito_2023_12.csv | nuevo_acumulado_ht_personas_lesionadas_o_fallecidas_por_edad_2023_12.csv | nuevo_acumulado_ht_personas_lesionadas_o_fallecidas_por_sexo_2023_12.csv | nuevo_acumulado_ht_personas_lesionadas_o_fallecidas_por_tipo_persona_2023_12.csv | nuevo_acumulado_ht_vehiculos_incolucrados_2023_12.csv
clasificacion_de_la_vialidad,5,nuevo_acumulado_hechos_de_transito_2023_12.csv | nuevo_acumulado_ht_personas_lesionadas_o_fallecidas_por_edad_2023_12.csv | nuevo_acumulado_ht_personas_lesionadas_o_fallecidas_por_sexo_2023_12.csv | nuevo_acumulado_ht_personas_lesionadas_o_fallecidas_por_tipo_persona_2023_12.csv | nuevo_acumulado_ht_vehiculos_incolucrados_2023_12.csv
fecha_captura,5,nuevo_acumulado_hechos_de_transito_2023_12.csv | nuevo_acumulado_ht_personas_lesionadas_o_fallecidas_por_edad_2023_12.csv | nuevo_acumulado_ht_personas_lesionadas_o_fallecidas_por_sexo_2023_12.csv | nuevo_acumulado_ht_personas_lesionadas_o_fallecidas_por_tipo_persona_2023_12.csv | nuevo_acumulado_ht_vehiculos_incolucrados_2023_12.csv
folio,5,nuevo_acumulado_hechos_de_transito_2023_12.csv | nuevo_acumulado_ht_personas_lesionadas_o_fallecidas_por_edad_2023_12.csv | nuevo_acumulado_ht_personas_lesionadas_o_fallecidas_por_sexo_2023_12.csv | nuevo_acumulado_ht_personas_lesionadas_o_fallecidas_por_tipo_persona_2023_12.csv | nuevo_acumulado_ht_vehiculos_incolucrados_2023_12.csv
hora_evento,5,nuevo_acumulado_hechos_de_transito_2023_12.csv | nuevo_acumulado_ht_personas_lesionadas_o_fallecidas_por_edad_2023_12.csv | nuevo_acumulado_ht_personas_lesionadas_o_fallecidas_por_sexo_2023_12.csv | nuevo_acumulado_ht_personas_lesionadas_o_fallecidas_por_tipo_persona_2023_12.csv | nuevo_acumulado_ht_vehiculos_incolucrados_2023_12.csv
interseccion_semaforizada,5,nuevo_acumulado_hechos_de_transito_2023_12.csv | nuevo_acumulado_ht_personas_lesionadas_o_fallecidas_por_edad_2023_12.csv | nuevo_acumulado_ht_personas_lesionadas_o_fallecidas_por_sexo_2023_12.csv | nuevo_acumulado_ht_personas_lesionadas_o_fallecidas_por_tipo_persona_2023_12.csv | nuevo_acumulado_ht_vehiculos_incolucrados_2023_12.csv
latitud,5,nuevo_acumulado_hechos_de_transito_2023_12.csv | nuevo_acumulado_ht_personas_lesionadas_o_fallecidas_por_edad_2023_12.csv | nuevo_acumulado_ht_personas_lesionadas_o_fallecidas_por_sexo_2023_12.csv | nuevo_acumulado_ht_personas_lesionadas_o_fallecidas_por_tipo_persona_2023_12.csv | nuevo_acumulado_ht_vehiculos_incolucrados_2023_12.csv
longitud,5,nuevo_acumulado_hechos_de_transito_2023_12.csv | nuevo_acumulado_ht_personas_lesionadas_o_fallecidas_por_edad_2023_12.csv | nuevo_acumulado_ht_personas_lesionadas_o_fallecidas_por_sexo_2023_12.csv | nuevo_acumulado_ht_personas_lesionadas_o_fallecidas_por_tipo_persona_2023_12.csv | nuevo_acumulado_ht_vehiculos_incolucrados_2023_12.csv
origen,5,nuevo_acumulado_hechos_de_transito_2023_12.csv | nuevo_acumulado_ht_personas_lesionadas_o_fallecidas_por_edad_2023_12.csv | nuevo_acumulado_ht_personas_lesionadas_o_fallecidas_por_sexo_2023_12.csv | nuevo_acumulado_ht_personas_lesionadas_o_fallecidas_por_tipo_persona_2023_12.csv | nuevo_acumulado_ht_vehiculos_incolucrados_2023_12.csv
sector,5,nuevo_acumulado_hechos_de_transito_2023_12.csv | nuevo_acumulado_ht_personas_lesionadas_o_fallecidas_por_edad_2023_12.csv | nuevo_acumulado_ht_personas_lesionadas_o_fallecidas_por_sexo_2023_12.csv | nuevo_acumulado_ht_personas_lesionadas_o_fallecidas_por_tipo_persona_2023_12.csv | nuevo_acumulado_ht_vehiculos_incolucrados_2023_12.csv
sentido_de_circulacion,5,nuevo_acumulado_hechos_de_transito_2023_12.csv | nuevo_acumulado_ht_personas_lesionadas_o_fallecidas_por_edad_2023_12.csv | nuevo_acumulado_ht_personas_lesionadas_o_fallecidas_por_sexo_2023_12.csv | nuevo_acumulado_ht_personas_lesionadas_o_fallecidas_por_tipo_persona_2023_12.csv | nuevo_acumulado_ht_vehiculos_incolucrados_2023_12.csv
tipo_evento,5,nuevo_acumulado_hechos_de_transito_2023_12.csv | nuevo_acumulado_ht_personas_lesionadas_o_fallecidas_por_edad_2023_12.csv | nuevo_acumulado_ht_personas_lesionadas_o_fallecidas_por_sexo_2023_12.csv | nuevo_acumulado_ht_personas_lesionadas_o_fallecidas_por_tipo_persona_2023_12.csv | nuevo_acumulado_ht_vehiculos_incolucrados_2023_12.csv
unidad_a_cargo,5,nuevo_acumulado_hechos_de_transito_2023_12.csv | nuevo_acumulado_ht_personas_lesionadas_o_fallecidas_por_edad_2023_12.csv | nuevo_acumulado_ht_personas_lesionadas_o_fallecidas_por_sexo_2023_12.csv | nuevo_acumulado_ht_personas_lesionadas_o_fallecidas_por_tipo_persona_2023_12.csv | nuevo_acumulado_ht_vehiculos_incolucrados_2023_12.csv
zona_vial,5,nuevo_acumulado_hechos_de_transito_2023_12.csv | nuevo_acumulado_ht_personas_lesionadas_o_fallecidas_por_edad_2023_12.csv | nuevo_acumulado_ht_personas_lesionadas_o_fallecidas_por_sexo_2023_12.csv | nuevo_acumulado_ht_personas_lesionadas_o_fallecidas_por_tipo_persona_2023_12.csv | nuevo_acumulado_ht_vehiculos_incolucrados_2023_12.csv
condicion_persona,3,nuevo_acumulado_ht_personas_lesionadas_o_fallecidas_por_edad_2023_12.csv | nuevo_acumulado_ht_personas_lesionadas_o_fallecidas_por_sexo_2023_12.csv | nuevo_acumulado_ht_personas_lesionadas_o_fallecidas_por_tipo_persona_2023_12.csv
unidad_medica_de_apoyo,3,hechos-de-transito-reportados-por-ssc-base-comparativa.csv | nuevo_acumulado_hechos_de_transito_2023_12.csv | nuevo_acumulado_ht_vehiculos_incolucrados_2023_12.csv
matricula_unidad_medica,2,nuevo_acumulado_hechos_de_transito_2023_12.csv | nuevo_acumulado_ht_vehiculos_incolucrados_2023_12.csv
total,2,nuevo_acumulado_ht_personas_lesionadas_o_fallecidas_por_sexo_2023_12.csv | nuevo_acumulado_ht_personas_lesionadas_o_fallecidas_por_tipo_persona_2023_12.csv
trasladado_lesionados,2,nuevo_acumulado_hechos_de_transito_2023_12.csv | nuevo_acumulado_ht_vehiculos_incolucrados_2023_12.csv
ano_evento,1,hechos-de-transito-reportados-por-ssc-base-comparativa.csv
condicion,1,hechos-de-transito-reportados-por-ssc-base-comparativa.csv
coordenada,1,hechos-de-transito-reportados-por-ssc-base-comparativa.csv
coordenada_x,1,hechos-de-transito-reportados-por-ssc-base-comparativa.csv
coordenada_y,1,hechos-de-transito-reportados-por-ssc-base-comparativa.csv
edad,1,nuevo_acumulado_ht_personas_lesionadas_o_fallecidas_por_edad_2023_12.csv
edad_lesionado,1,hechos-de-transito-reportados-por-ssc-base-comparativa.csv
edad_occiso,1,hechos-de-transito-reportados-por-ssc-base-comparativa.csv
hora,1,hechos-de-transito-reportados-por-ssc-base-comparativa.csv
hora2,1,hechos-de-transito-reportados-por-ssc-base-comparativa.csv
hospital,1,hechos-de-transito-reportados-por-ssc-base-comparativa.csv
id,1,hechos-de-transito-reportados-por-ssc-base-comparativa.csv
identidad,1,hechos-de-transito-reportados-por-ssc-base-comparativa.csv
lesionado_se_desconoce,1,hechos-de-transito-reportados-por-ssc-base-comparativa.csv
lesionados_femeninos,1,hechos-de-transito-reportados-por-ssc-base-comparativa.csv
lesionados_masculinos,1,hechos-de-transito-reportados-por-ssc-base-comparativa.csv
lesiones,1,hechos-de-transito-reportados-por-ssc-base-comparativa.csv
lugar_del_deceso,1,hechos-de-transito-reportados-por-ssc-base-comparativa.csv
marca_de_vehiculo_1,1,hechos-de-transito-reportados-por-ssc-base-comparativa.csv
marca_de_vehiculo_2,1,hechos-de-transito-reportados-por-ssc-base-comparativa.csv
marca_de_vehiculo_3,1,hechos-de-transito-reportados-por-ssc-base-comparativa.csv
marca_de_vehiculo_4,1,hechos-de-transito-reportados-por-ssc-base-comparativa.csv
mes,1,hechos-de-transito-reportados-por-ssc-base-comparativa.csv
no_folio,1,hechos-de-transito-reportados-por-ssc-base-comparativa.csv
no_vehiculo,1,nuevo_acumulado_ht_vehiculos_incolucrados_2023_12.csv
observaciones,1,hechos-de-transito-reportados-por-ssc-base-comparativa.csv
occiso_se_desconoce,1,hechos-de-transito-reportados-por-ssc-base-comparativa.csv
occisos_femeninos,1,hechos-de-transito-reportados-por-ssc-base-comparativa.csv
occisos_masculinos,1,hechos-de-transito-reportados-por-ssc-base-comparativa.csv
personas_fallecidas,1,nuevo_acumulado_hechos_de_transito_2023_12.csv
personas_lesionadas,1,nuevo_acumulado_hechos_de_transito_2023_12.csv
rango_de_edades_menores_de_1_ano_lesionado,1,hechos-de-transito-reportados-por-ssc-base-comparativa.csv
rango_de_edades_menores_de_1_ano_occiso,1,hechos-de-transito-reportados-por-ssc-base-comparativa.csv
rango_edades_15_24_lesionado,1,hechos-de-transito-reportados-por-ssc-base-comparativa.csv
rango_edades_15_24_occiso,1,hechos-de-transito-reportados-por-ssc-base-comparativa.csv
rango_edades_1_4_lesionado,1,hechos-de-transito-reportados-por-ssc-base-comparativa.csv
rango_edades_1_4_occiso,1,hechos-de-transito-reportados-por-ssc-base-comparativa.csv
rango_edades_25_34_lesionado,1,hechos-de-transito-reportados-por-ssc-base-comparativa.csv
rango_edades_25_34_occiso,1,hechos-de-transito-reportados-por-ssc-base-comparativa.csv
rango_edades_35_44_lesionado,1,hechos-de-transito-reportados-por-ssc-base-comparativa.csv
rango_edades_35_44_occiso,1,hechos-de-transito-reportados-por-ssc-base-comparativa.csv
rango_edades_45_64_lesionado,1,hechos-de-transito-reportados-por-ssc-base-comparativa.csv
rango_edades_45_64_occiso,1,hechos-de-transito-reportados-por-ssc-base-comparativa.csv
rango_edades_5_14_lesionado,1,hechos-de-transito-reportados-por-ssc-base-comparativa.csv
rango_edades_5_14_occiso,1,hechos-de-transito-reportados-por-ssc-base-comparativa.csv
rango_edades_65_lesionado,1,hechos-de-transito-reportados-por-ssc-base-comparativa.csv
rango_edades_65_occiso,1,hechos-de-transito-reportados-por-ssc-base-comparativa.csv
se_desconoce_lesionado,1,hechos-de-transito-reportados-por-ssc-base-comparativa.csv
se_desconoce_occiso,1,hechos-de-transito-reportados-por-ssc-base-comparativa.csv
sexo,1,nuevo_acumulado_ht_personas_lesionadas_o_fallecidas_por_sexo_2023_12.csv
tipo_de_evento,1,hechos-de-transito-reportados-por-ssc-base-comparativa.csv
tipo_de_vehiculo_1,1,hechos-de-transito-reportados-por-ssc-base-comparativa.csv
tipo_de_vehiculo_2,1,hechos-de-transito-reportados-por-ssc-base-comparativa.csv
tipo_de_vehiculo_3,1,hechos-de-transito-reportados-por-ssc-base-comparativa.csv
tipo_de_vehiculo_4,1,hechos-de-transito-reportados-por-ssc-base-comparativa.csv
tipo_persona,1,nuevo_acumulado_ht_personas_lesionadas_o_fallecidas_por_tipo_persona_2023_12.csv
tipo_vehiculo,1,nuevo_acumulado_ht_vehiculos_incolucrados_2023_12.csv
total_lesionados,1,hechos-de-transito-reportados-por-ssc-base-comparativa.csv
total_occisos,1,hechos-de-transito-reportados-por-ssc-base-comparativa.csv
trasladado_s_lesionado,1,hechos-de-transito-reportados-por-ssc-base-comparativa.csv
