id,n_registros,n_anios,anio_min,anio_max,tipos
BFCF001,5,5,2019,2023,radar fijo
BFCF006,5,5,2019,2023,radar fijo
BFCF007,5,5,2019,2023,radar fijo
BFCF009,5,5,2019,2023,radar fijo
BFCF010,5,5,2019,2023,radar fijo
BFCF011,5,5,2019,2023,radar fijo
BFCF014,5,5,2019,2023,radar fijo
BFCF016,5,5,2019,2023,radar fijo
BFCF017,5,5,2019,2023,radar fijo
BFCF018,5,5,2019,2023,radar fijo
BFCF019,5,5,2019,2023,radar fijo
BFCF021,5,5,2019,2023,radar fijo
BFCF022,5,5,2019,2023,radar fijo
BFCF023,5,5,2019,2023,radar fijo
BFCF024,5,5,2019,2023,radar fijo
BFCF025,5,5,2019,2023,radar fijo
BFCF029,5,5,2019,2023,radar fijo
BFCF030,5,5,2019,2023,radar fijo
BFCF031,5,5,2019,2023,radar fijo
BFCF033,5,5,2019,2023,radar fijo
BFCF034,5,5,2019,2023,radar fijo
JFCF002,5,5,2019,2023,radar fijo
JFCF006,5,5,2019,2023,radar fijo
JFCF007,5,5,2019,2023,radar fijo
JFCF009,5,5,2019,2023,radar fijo
JFCF010,5,5,2019,2023,radar fijo
JFCF011,5,5,2019,2023,radar fijo
JFCF012,5,5,2019,2023,radar fijo
JFCF013,5,5,2019,2023,radar fijo
JFCF016,5,5,2019,2023,radar fijo
JFCF022,5,5,2019,2023,radar fijo
JFCF028,5,5,2019,2023,radar fijo
JFCF035,5,5,2019,2023,radar fijo
JVEF008,5,5,2019,2023,radar fijo
JVEF009,5,5,2019,2023,radar fijo
JVEF010,5,5,2019,2023,radar fijo
JVEF011,5,5,2019,2023,radar fijo
JVEF012,5,5,2019,2023,radar fijo
JVEF013,5,5,2019,2023,radar fijo
RVEF008,5,5,2019,2023,radar fijo
RVEF012,5,5,2019,2023,radar fijo
RVEF013,5,5,2019,2023,radar fijo
RVEF016,5,5,2019,2023,radar fijo
RVEF023,5,5,2019,2023,radar fijo
RVEF030,5,5,2019,2023,radar fijo
RVEF034,5,5,2019,2023,radar fijo
VVEF002,5,5,2019,2023,radar fijo
VVEF005,5,5,2019,2023,radar fijo
VVEF006,5,5,2019,2023,radar fijo
VVEF007,5,5,2019,2023,radar fijo
VVEF008,5,5,2019,2023,radar fijo
VVEF035,5,5,2019,2023,radar fijo
BCFC003,4,4,2019,2022,radar fijo
BFCF004,4,4,2019,2022,radar fijo
BFCF005,4,4,2020,2023,radar fijo
BFCF026,4,4,2019,2022,radar fijo
BFCF035,4,4,2020,2023,radar fijo
JFCF001,4,4,2019,2022,radar fijo
JFCF003,4,4,2019,2022,radar fijo
JFCF008,4,4,2019,2022,radar fijo
JFCF015,4,4,2019,2022,radar fijo
JFCF018,4,4,2019,2022,radar fijo
JFCF020,4,4,2019,2022,radar fijo
JFCF021,4,4,2019,2022,radar fijo
JFCF023,4,4,2019,2022,radar fijo
JFCF024,4,4,2019,2022,radar fijo
JFCF025,4,4,2019,2022,radar fijo
JFCF026,4,4,2019,2022,radar fijo
JFCF027,4,4,2019,2022,radar fijo
JFCF029,4,4,2019,2022,radar fijo
JVEF014,4,4,2019,2022,radar fijo
RVEF002,4,4,2019,2022,radar fijo
RVEF007,4,4,2019,2022,radar fijo
RVEF011,4,4,2019,2022,radar fijo
RVEF021,4,4,2019,2022,radar fijo
RVEM001,4,4,2019,2022,radar móvil
RVEM002,4,4,2019,2022,radar móvil
RVEM004,4,4,2019,2022,radar móvil
RVEM005,4,4,2019,2022,radar móvil
RVEM007,4,4,2019,2022,radar móvil
RVEM008,4,4,2019,2022,radar móvil
RVEM010,4,4,2019,2022,radar móvil
RVEM011,4,4,2019,2022,radar móvil
RVEM012,4,4,2019,2022,radar móvil
VVEF001,4,4,2019,2022,radar fijo
VVEF003,4,4,2019,2022,radar fijo
VVEF004,4,4,2019,2022,radar fijo
VVEF031,4,4,2019,2022,radar fijo
VVEF032,4,4,2019,2022,radar fijo
VVEF033,4,4,2019,2022,radar fijo
BFBF008,3,3,2019,2021,radar fijo
BFCF002,3,3,2019,2021,radar fijo
JFCF014,3,3,2019,2021,radar fijo
RVEF001,3,3,2019,2021,radar fijo
RVEF003,3,3,2019,2021,radar fijo
RVEF014,3,3,2019,2021,radar fijo
RVEF017,3,3,2019,2021,radar fijo
RVEF018,3,3,2019,2021,radar fijo
RVEF019,3,3,2019,2021,radar fijo
RVEF040,3,3,2019,2021,radar fijo
001-SSC-IZP-EV-124.6,2,2,2023,2024,radar fijo
002-SSC-AZC-EV-124.14,2,2,2023,2024,radar fijo
003-SSC-CUH-FC-124.22,2,2,2023,2024,radar fijo
004-SSC-XOC-FC-124.30,2,2,2023,2024,radar fijo
005-SSC-IZT-FC-124.38,2,2,2023,2024,radar fijo
006-SSC-COY-EV-124.46,2,2,2023,2024,radar fijo
007-SSC-COY-EV-124.54,2,2,2023,2024,radar fijo
008-SSC-IZP-EV-124.62,2,2,2023,2024,radar fijo
009-SSC-CUH-EV-124.70,2,2,2023,2024,radar fijo
010-SSC-GAM-EV-124.78,2,2,2023,2024,radar fijo
011-SSC-CUH-FC-124.86,2,2,2023,2024,radar fijo
012-SSC-VCA-FC-124.94,2,2,2023,2024,radar fijo
013-SSC-VCA-EV-124.102,2,2,2023,2024,radar fijo
014-SSC-GAM-FC-124.110,2,2,2023,2024,radar fijo
015-SSC-IZT-FC-124.118,2,2,2023,2024,radar fijo
016-SSC-COY-FC-124.126,2,2,2023,2024,radar fijo
017-SSC-IZP-EV-124.134,2,2,2023,2024,radar fijo
018-SSC-XOC-FC-124.142,2,2,2023,2024,radar fijo
019-SSC-IZP-EV-124.150,2,2,2023,2024,radar fijo
020-SSC-GAM-FC-124.158,2,2,2023,2024,radar fijo
021-SSC-VCA-FC-124.166,2,2,2023,2024,radar fijo
022-SSC-VCA-FC-124.174,2,2,2023,2024,radar fijo
023-SSC-AZC-FC-124.182,2,2,2023,2024,radar fijo
024-SSC-CUH-FC-124.190,2,2,2023,2024,radar fijo
025-SSC-GAM-FC-124.198,2,2,2023,2024,radar fijo
026-SSC-IZP-FC-124.206,2,2,2023,2024,radar fijo
027-SSC-AZC-FC-124.214,2,2,2023,2024,radar fijo
028-SSC-MIH-FC-124.222,2,2,2023,2024,radar fijo
029-SSC-GAM-FC-124.230,2,2,2023,2024,radar fijo
030-SSC-VCA-EV-124.238,2,2,2023,2024,radar fijo
031-SSC-MIH-FC-124.246,2,2,2023,2024,radar fijo
032-SSC-CUH-EV-124.254,2,2,2023,2024,radar fijo
033-SSC-GAM-EV-119.6,2,2,2023,2024,radar fijo
034-SSC-GAM-EV-119.14,2,2,2023,2024,radar fijo
035-SSC-GAM-EV-119.22,2,2,2023,2024,radar fijo
036-SSC-AOB-EV-119.30,2,2,2023,2024,radar fijo
037-SSC-AOB-EV-119.38,2,2,2023,2024,radar fijo
038-SSC-AOB-EV-119.46,2,2,2023,2024,radar fijo
039-SSC-AOB-EV-119.54,2,2,2023,2024,radar fijo
040-SSC-IZP-EV-119.62,2,2,2023,2024,radar fijo
BCFC002,2,2,2022,2023,radar fijo
BFCF008,2,2,2022,2023,radar fijo
RVEM003,2,2,2019,2020,radar móvil
RVEM006,2,2,2019,2020,radar móvil
RVEM009,2,2,2019,2020,radar móvil
041-SSC-CUH-FC-119.70,1,1,2024,2024,radar fijo
042-SSC-CUH-FC-119.78,1,1,2024,2024,radar fijo
043-SSC-CUH-FC-119.86,1,1,2024,2024,radar fijo
044-SSC-GAM-FC-119.94,1,1,2024,2024,radar fijo
045-SSC-CUH-FC-119.102,1,1,2024,2024,radar fijo
046-SSC-CUH-FC-119.110,1,1,2024,2024,radar fijo
047-SSC-CUH-FC-119.118,1,1,2024,2024,radar fijo
048-SSC-VCA-FC-119.126,1,1,2024,2024,radar fijo
049-SSC-GAM-FC-119.134,1,1,2024,2024,radar fijo
050-SSC-COY-FC-119.142,1,1,2024,2024,radar fijo
051-SSC-MIH-FC-119.150,1,1,2024,2024,radar fijo
052-SSC-COY-FC-119.158,1,1,2024,2024,radar fijo
053-SSC-IZT-FC-119.166,1,1,2024,2024,radar fijo
054-SSC-IZP-FC-119.174,1,1,2024,2024,radar fijo
055-SSC-BEJ-FC-119.182,1,1,2024,2024,radar fijo
056-SSC-XOC-VE-119.190,1,1,2024,2024,radar fijo
057-SSC-IZT-FC-119.198,1,1,2024,2024,radar fijo
058-SSC-CUH-FC-119.206,1,1,2024,2024,radar fijo
059-SSC-ITZ-VE-119.214,1,1,2024,2024,radar fijo
060-SSC-IZT-VE-143.166,1,1,2024,2024,radar fijo
061-SSC-IZP-FC-119.230,1,1,2024,2024,radar fijo
062-SSC-CUH-EV-119.238,1,1,2024,2024,radar fijo
063-SSC-VCA-EV-119.246,1,1,2024,2024,radar fijo
064-SSC-MIH-EV-119.254,1,1,2024,2024,radar fijo
065-SSC-GAM-EV-143.134,1,1,2024,2024,radar fijo
066-SSC-CUH-EV-143.142,1,1,2024,2024,radar fijo
067-SSC-BEJ-EV-143.150,1,1,2024,2024,radar fijo
068-SSC-GAM-EV-143.158,1,1,2024,2024,radar fijo
069-SSC-GAM-EV-143.166,1,1,2024,2024,radar fijo
070-SSC-VCA-EV-143.174,1,1,2024,2024,radar fijo
071-SSC-CUH-EV-143.182,1,1,2024,2024,radar fijo
072-SSC-MIH-EV-143.190,1,1,2024,2024,radar fijo
073-SSC-CUH-EV-143.198,1,1,2024,2024,radar fijo
074-SSC-MIH-EV-143.206,1,1,2024,2024,radar fijo
075-SSC-XOC-EV-143.211,1,1,2024,2024,radar fijo
076-SSC-XOC-EV-143.218,1,1,2024,2024,radar fijo
077-SSC-CUH-EV-143.225,1,1,2024,2024,radar fijo
078-SSC-CUH-EV-143.232,1,1,2024,2024,radar fijo
079-SSC-IZT-EV-143.246,1,1,2024,2024,radar fijo
BFCF003,1,1,2023,2023,radar fijo
JVEF014 ,1,1,2023,2023,radar fijo
RVEF041,1,1,2022,2022,radar fijo
RVEF042,1,1,2022,2022,radar fijo
RVEF043,1,1,2022,2022,radar fijo
RVEF044,1,1,2022,2022,radar fijo
VVEF001 ,1,1,2023,2023,radar fijo
VVEF009 ,1,1,2023,2023,radar fijo
VVEF010 ,1,1,2023,2023,radar fijo
VVEF011,1,1,2023,2023,radar fijo
VVEF012 ,1,1,2023,2023,radar fijo
