folio,fecha_creacion,colonia_fuente,alcaldia_fuente,id_colonia,colonia,id_alcaldia,alcaldia
AO/150320/01990,2015-03-20,CRUZ ROJA TEPANTONGO (U HAB),AZCAPOTZALCO,02-012,CRUZ ROJA TEPANTONGO (U HAB),2,AZCAPOTZALCO
AO/150320/01990,2015-03-20,CRUZ ROJA TEPANTONGO (U HAB),AZCAPOTZALCO,02-081,SAN MARTIN XOCHINAHUAC (PBLO),2,AZCAPOTZALCO
AO/150320/02274,2015-03-20,CRUZ ROJA TEPANTONGO (U HAB),AZCAPOTZALCO,02-012,CRUZ ROJA TEPANTONGO (U HAB),2,AZCAPOTZALCO
AO/150320/02274,2015-03-20,CRUZ ROJA TEPANTONGO (U HAB),AZCAPOTZALCO,02-081,SAN MARTIN XOCHINAHUAC (PBLO),2,AZCAPOTZALCO
AO/180318/06431,2018-03-18,SAN PABLO 396-CONJ HAB SAN PABLO (U HAB),AZCAPOTZALCO,02-081,SAN MARTIN XOCHINAHUAC (PBLO),2,AZCAPOTZALCO
AO/180318/06431,2018-03-18,SAN PABLO 396-CONJ HAB SAN PABLO (U HAB),AZCAPOTZALCO,02-083,SAN PABLO 396-CONJ HAB SAN PABLO (U HAB),2,AZCAPOTZALCO
AO/180731/02404,2018-07-31,SAN PABLO 396-CONJ HAB SAN PABLO (U HAB),AZCAPOTZALCO,02-081,SAN MARTIN XOCHINAHUAC (PBLO),2,AZCAPOTZALCO
AO/180731/02404,2018-07-31,SAN PABLO 396-CONJ HAB SAN PABLO (U HAB),AZCAPOTZALCO,02-083,SAN PABLO 396-CONJ HAB SAN PABLO (U HAB),2,AZCAPOTZALCO
AO/201119/05575,2020-11-19,SAN PABLO 396-CONJ HAB SAN PABLO (U HAB),AZCAPOTZALCO,02-081,SAN MARTIN XOCHINAHUAC (PBLO),2,AZCAPOTZALCO
AO/201119/05575,2020-11-19,SAN PABLO 396-CONJ HAB SAN PABLO (U HAB),AZCAPOTZALCO,02-083,SAN PABLO 396-CONJ HAB SAN PABLO (U HAB),2,AZCAPOTZALCO
AO/210227/00697,2021-02-27,SAN PABLO 396-CONJ HAB SAN PABLO (U HAB),AZCAPOTZALCO,02-081,SAN MARTIN XOCHINAHUAC (PBLO),2,AZCAPOTZALCO
AO/210227/00697,2021-02-27,SAN PABLO 396-CONJ HAB SAN PABLO (U HAB),AZCAPOTZALCO,02-083,SAN PABLO 396-CONJ HAB SAN PABLO (U HAB),2,AZCAPOTZALCO
C2N/20210429/00042,2021-04-29,TORRES DE SAN JUAN (U HAB),GUSTAVO A. MADERO,05-163,SAN JUAN III (U HAB),5,GUSTAVO A. MADERO
C2N/20210429/00042,2021-04-29,TORRES DE SAN JUAN (U HAB),GUSTAVO A. MADERO,05-186,TORRES DE SAN JUAN (U HAB),5,GUSTAVO A. MADERO
C2O/20210328/00217,2021-03-28,PRIVADA GAVILAN (U HAB),IZTAPALAPA,07-163,PRIVADA GAVILAN (U HAB),7,IZTAPALAPA
C2O/20210328/00217,2021-03-28,PRIVADA GAVILAN (U HAB),IZTAPALAPA,07-196,SAN MIGUEL (BARR),7,IZTAPALAPA
C2O/20210423/00247,2021-04-23,GAVILAN (U HAB),IZTAPALAPA,07-081,GAVILAN (U HAB),7,IZTAPALAPA
C2O/20210423/00247,2021-04-23,GAVILAN (U HAB),IZTAPALAPA,07-196,SAN MIGUEL (BARR),7,IZTAPALAPA
C2O/20210424/00011,2021-04-24,GAVILAN (U HAB),IZTAPALAPA,07-081,GAVILAN (U HAB),7,IZTAPALAPA
C2O/20210424/00011,2021-04-24,GAVILAN (U HAB),IZTAPALAPA,07-196,SAN MIGUEL (BARR),7,IZTAPALAPA
C2O/20210424/00012,2021-04-24,GAVILAN (U HAB),IZTAPALAPA,07-081,GAVILAN (U HAB),7,IZTAPALAPA
C2O/20210424/00012,2021-04-24,GAVILAN (U HAB),IZTAPALAPA,07-196,SAN MIGUEL (BARR),7,IZTAPALAPA
C2O/20210515/00103,2021-05-15,GAVILAN (U HAB),IZTAPALAPA,07-081,GAVILAN (U HAB),7,IZTAPALAPA
C2O/20210515/00103,2021-05-15,GAVILAN (U HAB),IZTAPALAPA,07-196,SAN MIGUEL (BARR),7,IZTAPALAPA
C2O/20210515/00107,2021-05-15,GAVILAN (U HAB),IZTAPALAPA,07-081,GAVILAN (U HAB),7,IZTAPALAPA
C2O/20210515/00107,2021-05-15,GAVILAN (U HAB),IZTAPALAPA,07-196,SAN MIGUEL (BARR),7,IZTAPALAPA
C2O/20210702/00052,2021-07-02,GAVILAN (U HAB),IZTAPALAPA,07-081,GAVILAN (U HAB),7,IZTAPALAPA
C2O/20210702/00052,2021-07-02,GAVILAN (U HAB),IZTAPALAPA,07-196,SAN MIGUEL (BARR),7,IZTAPALAPA
C2O/20210915/00034,2021-09-15,GAVILAN (U HAB),IZTAPALAPA,07-081,GAVILAN (U HAB),7,IZTAPALAPA
C2O/20210915/00034,2021-09-15,GAVILAN (U HAB),IZTAPALAPA,07-196,SAN MIGUEL (BARR),7,IZTAPALAPA
C2O/20220407/00183,2022-04-07,Barrio San Miguel,Iztapalapa,07-163,PRIVADA GAVILAN (U HAB),7,IZTAPALAPA
C2O/20220407/00183,2022-04-07,Barrio San Miguel,Iztapalapa,07-196,SAN MIGUEL (BARR),7,IZTAPALAPA
C2O/20220410/00175,2022-04-10,Barrio San Miguel,Iztapalapa,07-163,PRIVADA GAVILAN (U HAB),7,IZTAPALAPA
C2O/20220410/00175,2022-04-10,Barrio San Miguel,Iztapalapa,07-196,SAN MIGUEL (BARR),7,IZTAPALAPA
C2O/20220605/00371,2022-06-05,Barrio San Miguel,Iztapalapa,07-081,GAVILAN (U HAB),7,IZTAPALAPA
C2O/20220605/00371,2022-06-05,Barrio San Miguel,Iztapalapa,07-196,SAN MIGUEL (BARR),7,IZTAPALAPA
C2O/20220731/00150,2022-07-31,Barrio San Miguel,Iztapalapa,07-163,PRIVADA GAVILAN (U HAB),7,IZTAPALAPA
C2O/20220731/00150,2022-07-31,Barrio San Miguel,Iztapalapa,07-196,SAN MIGUEL (BARR),7,IZTAPALAPA
C2O/20230511/00030,2023-05-11,Barrio San Miguel,Iztapalapa,07-163,PRIVADA GAVILAN (U HAB),7,IZTAPALAPA
C2O/20230511/00030,2023-05-11,Barrio San Miguel,Iztapalapa,07-196,SAN MIGUEL (BARR),7,IZTAPALAPA
C2O/20230909/00009,2023-09-09,Barrio San Miguel,Iztapalapa,07-081,GAVILAN (U HAB),7,IZTAPALAPA
C2O/20230909/00009,2023-09-09,Barrio San Miguel,Iztapalapa,07-196,SAN MIGUEL (BARR),7,IZTAPALAPA
C2P/20210712/00149,2021-07-12,SAN PABLO 396-CONJ HAB SAN PABLO (U HAB),AZCAPOTZALCO,02-081,SAN MARTIN XOCHINAHUAC (PBLO),2,AZCAPOTZALCO
C2P/20210712/00149,2021-07-12,SAN PABLO 396-CONJ HAB SAN PABLO (U HAB),AZCAPOTZALCO,02-083,SAN PABLO 396-CONJ HAB SAN PABLO (U HAB),2,AZCAPOTZALCO
C2P/20210712/00152,2021-07-12,SAN PABLO 396-CONJ HAB SAN PABLO (U HAB),AZCAPOTZALCO,02-081,SAN MARTIN XOCHINAHUAC (PBLO),2,AZCAPOTZALCO
C2P/20210712/00152,2021-07-12,SAN PABLO 396-CONJ HAB SAN PABLO (U HAB),AZCAPOTZALCO,02-083,SAN PABLO 396-CONJ HAB SAN PABLO (U HAB),2,AZCAPOTZALCO
C2P/20220326/00001,2022-03-26,Cove,Álvaro Obregón,10-049,COVE,10,ALVARO OBREGON
C2P/20220326/00001,2022-03-26,Cove,Álvaro Obregón,16-003,AMERICA,16,MIGUEL HIDALGO
C2P/20230107/00151,2023-01-07,Cove,Álvaro Obregón,10-049,COVE,10,ALVARO OBREGON
C2P/20230107/00151,2023-01-07,Cove,Álvaro Obregón,16-003,AMERICA,16,MIGUEL HIDALGO
C2P/20231022/00194,2023-10-22,Cove,Álvaro Obregón,10-049,COVE,10,ALVARO OBREGON
C2P/20231022/00194,2023-10-22,Cove,Álvaro Obregón,16-003,AMERICA,16,MIGUEL HIDALGO
C2P/20240104/00140,2024-01-04,Nueva El Rosario,Azcapotzalco,02-081,SAN MARTIN XOCHINAHUAC (PBLO),2,AZCAPOTZALCO
C2P/20240104/00140,2024-01-04,Nueva El Rosario,Azcapotzalco,02-083,SAN PABLO 396-CONJ HAB SAN PABLO (U HAB),2,AZCAPOTZALCO
C4/140117/02623,2014-01-17,LA JOYA,GUSTAVO A. MADERO,05-036,CUCHILLA LA JOYA,5,GUSTAVO A. MADERO
C4/140117/02623,2014-01-17,LA JOYA,GUSTAVO A. MADERO,05-102,LA JOYA,5,GUSTAVO A. MADERO
C4/140117/02626,2014-01-17,LA JOYA,GUSTAVO A. MADERO,05-036,CUCHILLA LA JOYA,5,GUSTAVO A. MADERO
C4/140117/02626,2014-01-17,LA JOYA,GUSTAVO A. MADERO,05-102,LA JOYA,5,GUSTAVO A. MADERO
C4/140214/03533,2014-02-14,LA JOYA,GUSTAVO A. MADERO,05-036,CUCHILLA LA JOYA,5,GUSTAVO A. MADERO
C4/140214/03533,2014-02-14,LA JOYA,GUSTAVO A. MADERO,05-102,LA JOYA,5,GUSTAVO A. MADERO
C4/140319/00182,2014-03-19,PLAZA ORIENTE (RDCIAL),GUSTAVO A. MADERO,05-138,PLAZA ORIENTE (RDCIAL),5,GUSTAVO A. MADERO
C4/140319/00182,2014-03-19,PLAZA ORIENTE (RDCIAL),GUSTAVO A. MADERO,05-149,SALVADOR DIAZ MIRON,5,GUSTAVO A. MADERO
C4/140329/02171,2014-03-29,KENNEDY (U HAB),VENUSTIANO CARRANZA,17-034,KENNEDY (U HAB),17,VENUSTIANO CARRANZA
C4/140329/02171,2014-03-29,KENNEDY (U HAB),VENUSTIANO CARRANZA,17-077,JARDIN BALBUENA II,17,VENUSTIANO CARRANZA
C4/140525/01742,2014-05-25,OBRERA II,CUAUHTEMOC,15-032,TRANSITO,15,CUAUHTEMOC
C4/140525/01742,2014-05-25,OBRERA II,CUAUHTEMOC,15-063,OBRERA II,15,CUAUHTEMOC
C4/140721/01158,2014-07-21,OBRERA II,CUAUHTEMOC,15-032,TRANSITO,15,CUAUHTEMOC
C4/140721/01158,2014-07-21,OBRERA II,CUAUHTEMOC,15-063,OBRERA II,15,CUAUHTEMOC
C4/150205/00822,2015-02-05,GAVILAN (U HAB),IZTAPALAPA,07-081,GAVILAN (U HAB),7,IZTAPALAPA
C4/150205/00822,2015-02-05,GAVILAN (U HAB),IZTAPALAPA,07-196,SAN MIGUEL (BARR),7,IZTAPALAPA
C4/150326/03348,2015-03-26,GAVILAN (U HAB),IZTAPALAPA,07-081,GAVILAN (U HAB),7,IZTAPALAPA
C4/150326/03348,2015-03-26,GAVILAN (U HAB),IZTAPALAPA,07-196,SAN MIGUEL (BARR),7,IZTAPALAPA
C4/150418/04590,2015-04-18,CONSTITUCION DE 1917 I,IZTAPALAPA,07-248,VICENTE GUERRERO SUPER MANZANA 7 (U HAB),7,IZTAPALAPA
C4/150418/04590,2015-04-18,CONSTITUCION DE 1917 I,IZTAPALAPA,07-266,CONSTITUCION DE 1917 I,7,IZTAPALAPA
C4/150508/04845,2015-05-08,PLAZA ORIENTE (RDCIAL),GUSTAVO A. MADERO,05-138,PLAZA ORIENTE (RDCIAL),5,GUSTAVO A. MADERO
C4/150508/04845,2015-05-08,PLAZA ORIENTE (RDCIAL),GUSTAVO A. MADERO,05-149,SALVADOR DIAZ MIRON,5,GUSTAVO A. MADERO
C4/150525/01921,2015-05-25,GAVILAN (U HAB),IZTAPALAPA,07-081,GAVILAN (U HAB),7,IZTAPALAPA
C4/150525/01921,2015-05-25,GAVILAN (U HAB),IZTAPALAPA,07-196,SAN MIGUEL (BARR),7,IZTAPALAPA
C4/150526/00040,2015-05-26,PRIVADA GAVILAN (U HAB),IZTAPALAPA,07-163,PRIVADA GAVILAN (U HAB),7,IZTAPALAPA
C4/150526/00040,2015-05-26,PRIVADA GAVILAN (U HAB),IZTAPALAPA,07-196,SAN MIGUEL (BARR),7,IZTAPALAPA
C4/150607/06111,2015-06-07,CONSTITUCION DE 1917 I,IZTAPALAPA,07-248,VICENTE GUERRERO SUPER MANZANA 7 (U HAB),7,IZTAPALAPA
C4/150607/06111,2015-06-07,CONSTITUCION DE 1917 I,IZTAPALAPA,07-266,CONSTITUCION DE 1917 I,7,IZTAPALAPA
C4/150815/02290,2015-08-15,INFONAVIT (U HAB),IZTAPALAPA,05-082,INFONAVIT (U HAB),5,GUSTAVO A. MADERO
C4/150815/02290,2015-08-15,INFONAVIT (U HAB),IZTAPALAPA,05-111,LA PURISIMA TICOMAN (BARR),5,GUSTAVO A. MADERO
C4/151024/01066,2015-10-24,PRIVADA GAVILAN (U HAB),IZTAPALAPA,07-163,PRIVADA GAVILAN (U HAB),7,IZTAPALAPA
C4/151024/01066,2015-10-24,PRIVADA GAVILAN (U HAB),IZTAPALAPA,07-196,SAN MIGUEL (BARR),7,IZTAPALAPA
C4/151224/00469,2015-12-24,CONSTITUCION DE 1917 I,IZTAPALAPA,07-248,VICENTE GUERRERO SUPER MANZANA 7 (U HAB),7,IZTAPALAPA
C4/151224/00469,2015-12-24,CONSTITUCION DE 1917 I,IZTAPALAPA,07-266,CONSTITUCION DE 1917 I,7,IZTAPALAPA
C4/160310/07161,2016-03-10,GAVILAN (U HAB),IZTAPALAPA,07-081,GAVILAN (U HAB),7,IZTAPALAPA
C4/160310/07161,2016-03-10,GAVILAN (U HAB),IZTAPALAPA,07-196,SAN MIGUEL (BARR),7,IZTAPALAPA
C4/160412/05409,2016-04-12,CONSTITUCION DE 1917 I,IZTAPALAPA,07-248,VICENTE GUERRERO SUPER MANZANA 7 (U HAB),7,IZTAPALAPA
C4/160412/05409,2016-04-12,CONSTITUCION DE 1917 I,IZTAPALAPA,07-266,CONSTITUCION DE 1917 I,7,IZTAPALAPA
C5/160428/05323,2016-04-28,SUTIC VALLEJO (U HAB),TLALPAN,05-111,LA PURISIMA TICOMAN (BARR),5,GUSTAVO A. MADERO
C5/160428/05323,2016-04-28,SUTIC VALLEJO (U HAB),TLALPAN,05-178,SUTIC VALLEJO (U HAB),5,GUSTAVO A. MADERO
C5/160516/01850,2016-05-16,VERACRUZANA (AMPL),IZTAPALAPA,07-072,ESTADO DE VERACRUZ,7,IZTAPALAPA
C5/160516/01850,2016-05-16,VERACRUZANA (AMPL),IZTAPALAPA,07-241,VERACRUZANA (AMPL),7,IZTAPALAPA
C5/160705/05238,2016-07-05,CRUZ ROJA TEPANTONGO (U HAB),AZCAPOTZALCO,02-012,CRUZ ROJA TEPANTONGO (U HAB),2,AZCAPOTZALCO
C5/160705/05238,2016-07-05,CRUZ ROJA TEPANTONGO (U HAB),AZCAPOTZALCO,02-081,SAN MARTIN XOCHINAHUAC (PBLO),2,AZCAPOTZALCO
C5/160716/03577,2016-07-16,LA JOYA,GUSTAVO A. MADERO,05-036,CUCHILLA LA JOYA,5,GUSTAVO A. MADERO
C5/160716/03577,2016-07-16,LA JOYA,GUSTAVO A. MADERO,05-102,LA JOYA,5,GUSTAVO A. MADERO
C5/160717/02971,2016-07-17,LA JOYA,GUSTAVO A. MADERO,05-036,CUCHILLA LA JOYA,5,GUSTAVO A. MADERO
C5/160717/02971,2016-07-17,LA JOYA,GUSTAVO A. MADERO,05-102,LA JOYA,5,GUSTAVO A. MADERO
C5/160812/06374,2016-08-12,GAVILAN (U HAB),IZTAPALAPA,07-081,GAVILAN (U HAB),7,IZTAPALAPA
C5/160812/06374,2016-08-12,GAVILAN (U HAB),IZTAPALAPA,07-196,SAN MIGUEL (BARR),7,IZTAPALAPA
C5/160820/06010,2016-08-20,GAVILAN (U HAB),IZTAPALAPA,07-081,GAVILAN (U HAB),7,IZTAPALAPA
C5/160820/06010,2016-08-20,GAVILAN (U HAB),IZTAPALAPA,07-196,SAN MIGUEL (BARR),7,IZTAPALAPA
C5/160820/06065,2016-08-20,GAVILAN (U HAB),IZTAPALAPA,07-081,GAVILAN (U HAB),7,IZTAPALAPA
C5/160820/06065,2016-08-20,GAVILAN (U HAB),IZTAPALAPA,07-196,SAN MIGUEL (BARR),7,IZTAPALAPA
C5/161001/02065,2016-10-01,GAVILAN (U HAB),XOCHIMILCO,07-081,GAVILAN (U HAB),7,IZTAPALAPA
C5/161001/02065,2016-10-01,GAVILAN (U HAB),XOCHIMILCO,07-196,SAN MIGUEL (BARR),7,IZTAPALAPA
C5/161029/05733,2016-10-29,PRIVADA GAVILAN (U HAB),IZTACALCO,07-163,PRIVADA GAVILAN (U HAB),7,IZTAPALAPA
C5/161029/05733,2016-10-29,PRIVADA GAVILAN (U HAB),IZTACALCO,07-196,SAN MIGUEL (BARR),7,IZTAPALAPA
C5/161029/05774,2016-10-29,PRIVADA GAVILAN (U HAB),IZTAPALAPA,07-163,PRIVADA GAVILAN (U HAB),7,IZTAPALAPA
C5/161029/05774,2016-10-29,PRIVADA GAVILAN (U HAB),IZTAPALAPA,07-196,SAN MIGUEL (BARR),7,IZTAPALAPA
C5/161126/02723,2016-11-26,SANTA CECILIA,COYOACAN,03-080,LOS SAUCES (FRACC),3,COYOACAN
C5/161126/02723,2016-11-26,SANTA CECILIA,COYOACAN,03-107,SANTA CECILIA,3,COYOACAN
C5/161127/04254,2016-11-27,FLORESTA-PRADO-VERGEL COAPA,TLALPAN,12-043,FLORESTA-PRADO-VERGEL COAPA,12,TLALPAN
C5/161127/04254,2016-11-27,FLORESTA-PRADO-VERGEL COAPA,TLALPAN,12-064,JARDINES COAPA-BELISARIO DOMINGUEZ,12,TLALPAN
C5/161209/07201,2016-12-09,CRUZ ROJA TEPANTONGO (U HAB),AZCAPOTZALCO,02-012,CRUZ ROJA TEPANTONGO (U HAB),2,AZCAPOTZALCO
C5/161209/07201,2016-12-09,CRUZ ROJA TEPANTONGO (U HAB),AZCAPOTZALCO,02-081,SAN MARTIN XOCHINAHUAC (PBLO),2,AZCAPOTZALCO
C5/170302/01728,2017-03-02,KENNEDY (U HAB),VENUSTIANO CARRANZA,17-034,KENNEDY (U HAB),17,VENUSTIANO CARRANZA
C5/170302/01728,2017-03-02,KENNEDY (U HAB),VENUSTIANO CARRANZA,17-077,JARDIN BALBUENA II,17,VENUSTIANO CARRANZA
C5/170409/05634,2017-04-09,PRIVADA GAVILAN (U HAB),IZTAPALAPA,07-163,PRIVADA GAVILAN (U HAB),7,IZTAPALAPA
C5/170409/05634,2017-04-09,PRIVADA GAVILAN (U HAB),IZTAPALAPA,07-196,SAN MIGUEL (BARR),7,IZTAPALAPA
C5/170516/06214,2017-05-16,CRUZ ROJA TEPANTONGO (U HAB),AZCAPOTZALCO,02-012,CRUZ ROJA TEPANTONGO (U HAB),2,AZCAPOTZALCO
C5/170516/06214,2017-05-16,CRUZ ROJA TEPANTONGO (U HAB),AZCAPOTZALCO,02-081,SAN MARTIN XOCHINAHUAC (PBLO),2,AZCAPOTZALCO
C5/170702/00827,2017-07-02,CONSTITUCION DE 1917 I,IZTAPALAPA,07-248,VICENTE GUERRERO SUPER MANZANA 7 (U HAB),7,IZTAPALAPA
C5/170702/00827,2017-07-02,CONSTITUCION DE 1917 I,IZTAPALAPA,07-266,CONSTITUCION DE 1917 I,7,IZTAPALAPA
C5/171005/05034,2017-10-05,CONSTITUCION DE 1917 I,IZTAPALAPA,07-248,VICENTE GUERRERO SUPER MANZANA 7 (U HAB),7,IZTAPALAPA
C5/171005/05034,2017-10-05,CONSTITUCION DE 1917 I,IZTAPALAPA,07-266,CONSTITUCION DE 1917 I,7,IZTAPALAPA
C5/171210/04826,2017-12-10,PRIVADA GAVILAN (U HAB),IZTAPALAPA,07-163,PRIVADA GAVILAN (U HAB),7,IZTAPALAPA
C5/171210/04826,2017-12-10,PRIVADA GAVILAN (U HAB),IZTAPALAPA,07-196,SAN MIGUEL (BARR),7,IZTAPALAPA
C5/171214/03151,2017-12-14,"BOSQUE DE CHAPULTEPEC I, II Y III SECCIONES",MIGUEL HIDALGO,16-046,LOMAS VIRREYES (LOMAS DE CHAPULTEPEC),16,MIGUEL HIDALGO
C5/171214/03151,2017-12-14,"BOSQUE DE CHAPULTEPEC I, II Y III SECCIONES",MIGUEL HIDALGO,16-053,MOLINO DEL REY,16,MIGUEL HIDALGO
C5/180115/04928,2018-01-15,CONSTITUCION DE 1917 I,IZTAPALAPA,07-248,VICENTE GUERRERO SUPER MANZANA 7 (U HAB),7,IZTAPALAPA
C5/180115/04928,2018-01-15,CONSTITUCION DE 1917 I,IZTAPALAPA,07-266,CONSTITUCION DE 1917 I,7,IZTAPALAPA
C5/180123/04660,2018-01-23,LA JOYA,GUSTAVO A. MADERO,05-036,CUCHILLA LA JOYA,5,GUSTAVO A. MADERO
C5/180123/04660,2018-01-23,LA JOYA,GUSTAVO A. MADERO,05-102,LA JOYA,5,GUSTAVO A. MADERO
C5/180408/02678,2018-04-08,VERACRUZANA (AMPL),IZTAPALAPA,07-072,ESTADO DE VERACRUZ,7,IZTAPALAPA
C5/180408/02678,2018-04-08,VERACRUZANA (AMPL),IZTAPALAPA,07-241,VERACRUZANA (AMPL),7,IZTAPALAPA
C5/180503/08531,2018-05-03,KENNEDY (U HAB),VENUSTIANO CARRANZA,17-034,KENNEDY (U HAB),17,VENUSTIANO CARRANZA
C5/180503/08531,2018-05-03,KENNEDY (U HAB),VENUSTIANO CARRANZA,17-077,JARDIN BALBUENA II,17,VENUSTIANO CARRANZA
C5/180511/06449,2018-05-11,CONSTITUCION DE 1917 I,IZTAPALAPA,07-248,VICENTE GUERRERO SUPER MANZANA 7 (U HAB),7,IZTAPALAPA
C5/180511/06449,2018-05-11,CONSTITUCION DE 1917 I,IZTAPALAPA,07-266,CONSTITUCION DE 1917 I,7,IZTAPALAPA
C5/180515/07839,2018-05-15,KENNEDY (U HAB),VENUSTIANO CARRANZA,17-034,KENNEDY (U HAB),17,VENUSTIANO CARRANZA
C5/180515/07839,2018-05-15,KENNEDY (U HAB),VENUSTIANO CARRANZA,17-077,JARDIN BALBUENA II,17,VENUSTIANO CARRANZA
C5/180602/09796,2018-06-02,TORRES DE SAN JUAN (U HAB),GUSTAVO A. MADERO,05-163,SAN JUAN III (U HAB),5,GUSTAVO A. MADERO
C5/180602/09796,2018-06-02,TORRES DE SAN JUAN (U HAB),GUSTAVO A. MADERO,05-186,TORRES DE SAN JUAN (U HAB),5,GUSTAVO A. MADERO
C5/180804/07694,2018-08-04,KENNEDY (U HAB),VENUSTIANO CARRANZA,17-034,KENNEDY (U HAB),17,VENUSTIANO CARRANZA
C5/180804/07694,2018-08-04,KENNEDY (U HAB),VENUSTIANO CARRANZA,17-077,JARDIN BALBUENA II,17,VENUSTIANO CARRANZA
C5/180810/07919,2018-08-10,CRUZ ROJA TEPANTONGO (U HAB),AZCAPOTZALCO,02-012,CRUZ ROJA TEPANTONGO (U HAB),2,AZCAPOTZALCO
C5/180810/07919,2018-08-10,CRUZ ROJA TEPANTONGO (U HAB),AZCAPOTZALCO,02-081,SAN MARTIN XOCHINAHUAC (PBLO),2,AZCAPOTZALCO
C5/180926/06181,2018-09-26,KENNEDY (U HAB),VENUSTIANO CARRANZA,17-034,KENNEDY (U HAB),17,VENUSTIANO CARRANZA
C5/180926/06181,2018-09-26,KENNEDY (U HAB),VENUSTIANO CARRANZA,17-077,JARDIN BALBUENA II,17,VENUSTIANO CARRANZA
C5/181118/02092,2018-11-18,LA JOYA,GUSTAVO A. MADERO,05-036,CUCHILLA LA JOYA,5,GUSTAVO A. MADERO
C5/181118/02092,2018-11-18,LA JOYA,GUSTAVO A. MADERO,05-102,LA JOYA,5,GUSTAVO A. MADERO
C5/181118/02229,2018-11-18,LA JOYA,GUSTAVO A. MADERO,05-036,CUCHILLA LA JOYA,5,GUSTAVO A. MADERO
C5/181118/02229,2018-11-18,LA JOYA,GUSTAVO A. MADERO,05-102,LA JOYA,5,GUSTAVO A. MADERO
C5/181203/05168,2018-12-03,CONSTITUCION DE 1917 I,IZTAPALAPA,07-248,VICENTE GUERRERO SUPER MANZANA 7 (U HAB),7,IZTAPALAPA
C5/181203/05168,2018-12-03,CONSTITUCION DE 1917 I,IZTAPALAPA,07-266,CONSTITUCION DE 1917 I,7,IZTAPALAPA
C5/181219/01647,2018-12-19,PLAZA ORIENTE (RDCIAL),GUSTAVO A. MADERO,05-138,PLAZA ORIENTE (RDCIAL),5,GUSTAVO A. MADERO
C5/181219/01647,2018-12-19,PLAZA ORIENTE (RDCIAL),GUSTAVO A. MADERO,05-149,SALVADOR DIAZ MIRON,5,GUSTAVO A. MADERO
C5/190128/08535,2019-01-28,CONSTITUCION DE 1917 I,IZTAPALAPA,07-248,VICENTE GUERRERO SUPER MANZANA 7 (U HAB),7,IZTAPALAPA
C5/190128/08535,2019-01-28,CONSTITUCION DE 1917 I,IZTAPALAPA,07-266,CONSTITUCION DE 1917 I,7,IZTAPALAPA
C5/190209/07652,2019-02-09,TORRES DE SAN JUAN (U HAB),GUSTAVO A. MADERO,05-163,SAN JUAN III (U HAB),5,GUSTAVO A. MADERO
C5/190209/07652,2019-02-09,TORRES DE SAN JUAN (U HAB),GUSTAVO A. MADERO,05-186,TORRES DE SAN JUAN (U HAB),5,GUSTAVO A. MADERO
C5/190209/08014,2019-02-09,TORRES DE SAN JUAN (U HAB),GUSTAVO A. MADERO,05-163,SAN JUAN III (U HAB),5,GUSTAVO A. MADERO
C5/190209/08014,2019-02-09,TORRES DE SAN JUAN (U HAB),GUSTAVO A. MADERO,05-186,TORRES DE SAN JUAN (U HAB),5,GUSTAVO A. MADERO
C5/190227/05106,2019-02-27,INFONAVIT (U HAB),GUSTAVO A. MADERO,05-082,INFONAVIT (U HAB),5,GUSTAVO A. MADERO
C5/190227/05106,2019-02-27,INFONAVIT (U HAB),GUSTAVO A. MADERO,05-111,LA PURISIMA TICOMAN (BARR),5,GUSTAVO A. MADERO
C5/190315/05960,2019-03-15,KENNEDY (U HAB),VENUSTIANO CARRANZA,17-034,KENNEDY (U HAB),17,VENUSTIANO CARRANZA
C5/190315/05960,2019-03-15,KENNEDY (U HAB),VENUSTIANO CARRANZA,17-077,JARDIN BALBUENA II,17,VENUSTIANO CARRANZA
C5/190406/09582,2019-04-06,CONSTITUCION DE 1917 I,IZTAPALAPA,07-248,VICENTE GUERRERO SUPER MANZANA 7 (U HAB),7,IZTAPALAPA
C5/190406/09582,2019-04-06,CONSTITUCION DE 1917 I,IZTAPALAPA,07-266,CONSTITUCION DE 1917 I,7,IZTAPALAPA
C5/190418/02717,2019-04-18,CONSTITUCION DE 1917 I,BENITO JUAREZ,07-248,VICENTE GUERRERO SUPER MANZANA 7 (U HAB),7,IZTAPALAPA
C5/190418/02717,2019-04-18,CONSTITUCION DE 1917 I,BENITO JUAREZ,07-266,CONSTITUCION DE 1917 I,7,IZTAPALAPA
C5/190430/03465,2019-04-30,GAVILAN (U HAB),IZTAPALAPA,07-081,GAVILAN (U HAB),7,IZTAPALAPA
C5/190430/03465,2019-04-30,GAVILAN (U HAB),IZTAPALAPA,07-196,SAN MIGUEL (BARR),7,IZTAPALAPA
C5/190512/00810,2019-05-12,CONSTITUCION DE 1917 I,IZTAPALAPA,07-248,VICENTE GUERRERO SUPER MANZANA 7 (U HAB),7,IZTAPALAPA
C5/190512/00810,2019-05-12,CONSTITUCION DE 1917 I,IZTAPALAPA,07-266,CONSTITUCION DE 1917 I,7,IZTAPALAPA
C5/190525/08297,2019-05-25,PRIVADA GAVILAN (U HAB),IZTAPALAPA,07-163,PRIVADA GAVILAN (U HAB),7,IZTAPALAPA
C5/190525/08297,2019-05-25,PRIVADA GAVILAN (U HAB),IZTAPALAPA,07-196,SAN MIGUEL (BARR),7,IZTAPALAPA
C5/190619/04343,2019-06-19,KENNEDY (U HAB),VENUSTIANO CARRANZA,17-034,KENNEDY (U HAB),17,VENUSTIANO CARRANZA
C5/190619/04343,2019-06-19,KENNEDY (U HAB),VENUSTIANO CARRANZA,17-077,JARDIN BALBUENA II,17,VENUSTIANO CARRANZA
C5/190705/08284,2019-07-05,KENNEDY (U HAB),VENUSTIANO CARRANZA,17-034,KENNEDY (U HAB),17,VENUSTIANO CARRANZA
C5/190705/08284,2019-07-05,KENNEDY (U HAB),VENUSTIANO CARRANZA,17-077,JARDIN BALBUENA II,17,VENUSTIANO CARRANZA
C5/190719/02088,2019-07-19,PRIVADA GAVILAN (U HAB),IZTAPALAPA,07-163,PRIVADA GAVILAN (U HAB),7,IZTAPALAPA
C5/190719/02088,2019-07-19,PRIVADA GAVILAN (U HAB),IZTAPALAPA,07-196,SAN MIGUEL (BARR),7,IZTAPALAPA
C5/190722/05217,2019-07-22,VERACRUZANA (AMPL),IZTAPALAPA,07-072,ESTADO DE VERACRUZ,7,IZTAPALAPA
C5/190722/05217,2019-07-22,VERACRUZANA (AMPL),IZTAPALAPA,07-241,VERACRUZANA (AMPL),7,IZTAPALAPA
C5/190907/00010,2019-09-06,PREDIO LA ANGOSTURA,ALVARO OBREGON,10-163,OLIVAR DE LOS PADRES,10,ALVARO OBREGON
C5/190907/00010,2019-09-06,PREDIO LA ANGOSTURA,ALVARO OBREGON,10-257,PREDIO LA ANGOSTURA,10,ALVARO OBREGON
C5/190918/05599,2019-09-18,PRIVADA GAVILAN (U HAB),IZTAPALAPA,07-163,PRIVADA GAVILAN (U HAB),7,IZTAPALAPA
C5/190918/05599,2019-09-18,PRIVADA GAVILAN (U HAB),IZTAPALAPA,07-196,SAN MIGUEL (BARR),7,IZTAPALAPA
C5/190926/02841,2019-09-26,CONSTITUCION DE 1917 I,IZTAPALAPA,07-248,VICENTE GUERRERO SUPER MANZANA 7 (U HAB),7,IZTAPALAPA
C5/190926/02841,2019-09-26,CONSTITUCION DE 1917 I,IZTAPALAPA,07-266,CONSTITUCION DE 1917 I,7,IZTAPALAPA
C5/191012/02083,2019-10-12,PREDIO LA ANGOSTURA,ALVARO OBREGON,10-163,OLIVAR DE LOS PADRES,10,ALVARO OBREGON
C5/191012/02083,2019-10-12,PREDIO LA ANGOSTURA,ALVARO OBREGON,10-257,PREDIO LA ANGOSTURA,10,ALVARO OBREGON
C5/191017/04548,2019-10-17,PREDIO LA ANGOSTURA,ALVARO OBREGON,10-163,OLIVAR DE LOS PADRES,10,ALVARO OBREGON
C5/191017/04548,2019-10-17,PREDIO LA ANGOSTURA,ALVARO OBREGON,10-257,PREDIO LA ANGOSTURA,10,ALVARO OBREGON
C5/191017/04917,2019-10-17,PREDIO LA ANGOSTURA,ALVARO OBREGON,10-163,OLIVAR DE LOS PADRES,10,ALVARO OBREGON
C5/191017/04917,2019-10-17,PREDIO LA ANGOSTURA,ALVARO OBREGON,10-257,PREDIO LA ANGOSTURA,10,ALVARO OBREGON
C5/191019/00494,2019-10-19,CONSTITUCION DE 1917 I,IZTAPALAPA,07-248,VICENTE GUERRERO SUPER MANZANA 7 (U HAB),7,IZTAPALAPA
C5/191019/00494,2019-10-19,CONSTITUCION DE 1917 I,IZTAPALAPA,07-266,CONSTITUCION DE 1917 I,7,IZTAPALAPA
C5/191019/00957,2019-10-19,CONSTITUCION DE 1917 I,IZTAPALAPA,07-248,VICENTE GUERRERO SUPER MANZANA 7 (U HAB),7,IZTAPALAPA
C5/191019/00957,2019-10-19,CONSTITUCION DE 1917 I,IZTAPALAPA,07-266,CONSTITUCION DE 1917 I,7,IZTAPALAPA
C5/191020/06459,2019-10-20,CONSTITUCION DE 1917 I,IZTAPALAPA,07-248,VICENTE GUERRERO SUPER MANZANA 7 (U HAB),7,IZTAPALAPA
C5/191020/06459,2019-10-20,CONSTITUCION DE 1917 I,IZTAPALAPA,07-266,CONSTITUCION DE 1917 I,7,IZTAPALAPA
C5/191026/01268,2019-10-26,INFONAVIT (U HAB),GUSTAVO A. MADERO,05-082,INFONAVIT (U HAB),5,GUSTAVO A. MADERO
C5/191026/01268,2019-10-26,INFONAVIT (U HAB),GUSTAVO A. MADERO,05-111,LA PURISIMA TICOMAN (BARR),5,GUSTAVO A. MADERO
C5/191028/08174,2019-10-28,PREDIO LA ANGOSTURA,ALVARO OBREGON,10-163,OLIVAR DE LOS PADRES,10,ALVARO OBREGON
C5/191028/08174,2019-10-28,PREDIO LA ANGOSTURA,ALVARO OBREGON,10-257,PREDIO LA ANGOSTURA,10,ALVARO OBREGON
C5/191028/08421,2019-10-28,PREDIO LA ANGOSTURA,ALVARO OBREGON,10-163,OLIVAR DE LOS PADRES,10,ALVARO OBREGON
C5/191028/08421,2019-10-28,PREDIO LA ANGOSTURA,ALVARO OBREGON,10-257,PREDIO LA ANGOSTURA,10,ALVARO OBREGON
C5/191029/00174,2019-10-29,PREDIO LA ANGOSTURA,ALVARO OBREGON,10-163,OLIVAR DE LOS PADRES,10,ALVARO OBREGON
C5/191029/00174,2019-10-29,PREDIO LA ANGOSTURA,ALVARO OBREGON,10-257,PREDIO LA ANGOSTURA,10,ALVARO OBREGON
C5/191029/00250,2019-10-29,PREDIO LA ANGOSTURA,ALVARO OBREGON,10-163,OLIVAR DE LOS PADRES,10,ALVARO OBREGON
C5/191029/00250,2019-10-29,PREDIO LA ANGOSTURA,ALVARO OBREGON,10-257,PREDIO LA ANGOSTURA,10,ALVARO OBREGON
C5/191029/07724,2019-10-29,CRUZ ROJA TEPANTONGO (U HAB),AZCAPOTZALCO,02-012,CRUZ ROJA TEPANTONGO (U HAB),2,AZCAPOTZALCO
C5/191029/07724,2019-10-29,CRUZ ROJA TEPANTONGO (U HAB),AZCAPOTZALCO,02-081,SAN MARTIN XOCHINAHUAC (PBLO),2,AZCAPOTZALCO
C5/191113/00933,2019-11-13,PREDIO LA ANGOSTURA,ALVARO OBREGON,10-163,OLIVAR DE LOS PADRES,10,ALVARO OBREGON
C5/191113/00933,2019-11-13,PREDIO LA ANGOSTURA,ALVARO OBREGON,10-257,PREDIO LA ANGOSTURA,10,ALVARO OBREGON
C5/191125/04370,2019-11-25,PREDIO LA ANGOSTURA,ALVARO OBREGON,10-163,OLIVAR DE LOS PADRES,10,ALVARO OBREGON
C5/191125/04370,2019-11-25,PREDIO LA ANGOSTURA,ALVARO OBREGON,10-257,PREDIO LA ANGOSTURA,10,ALVARO OBREGON
C5/191210/06254,2019-12-10,PREDIO LA ANGOSTURA,ALVARO OBREGON,10-163,OLIVAR DE LOS PADRES,10,ALVARO OBREGON
C5/191210/06254,2019-12-10,PREDIO LA ANGOSTURA,ALVARO OBREGON,10-257,PREDIO LA ANGOSTURA,10,ALVARO OBREGON
C5/191214/08469,2019-12-14,CONSTITUCION DE 1917 I,IZTAPALAPA,07-248,VICENTE GUERRERO SUPER MANZANA 7 (U HAB),7,IZTAPALAPA
C5/191214/08469,2019-12-14,CONSTITUCION DE 1917 I,IZTAPALAPA,07-266,CONSTITUCION DE 1917 I,7,IZTAPALAPA
C5/191216/03780,2019-12-16,CONSTITUCION DE 1917 I,IZTAPALAPA,07-248,VICENTE GUERRERO SUPER MANZANA 7 (U HAB),7,IZTAPALAPA
C5/191216/03780,2019-12-16,CONSTITUCION DE 1917 I,IZTAPALAPA,07-266,CONSTITUCION DE 1917 I,7,IZTAPALAPA
C5/191229/04941,2019-12-29,PREDIO LA ANGOSTURA,ALVARO OBREGON,10-163,OLIVAR DE LOS PADRES,10,ALVARO OBREGON
C5/191229/04941,2019-12-29,PREDIO LA ANGOSTURA,ALVARO OBREGON,10-257,PREDIO LA ANGOSTURA,10,ALVARO OBREGON
C5/200214/08709,2020-02-14,PREDIO LA ANGOSTURA,ALVARO OBREGON,10-163,OLIVAR DE LOS PADRES,10,ALVARO OBREGON
C5/200214/08709,2020-02-14,PREDIO LA ANGOSTURA,ALVARO OBREGON,10-257,PREDIO LA ANGOSTURA,10,ALVARO OBREGON
C5/200226/05635,2020-02-26,PREDIO LA ANGOSTURA,ALVARO OBREGON,10-163,OLIVAR DE LOS PADRES,10,ALVARO OBREGON
C5/200226/05635,2020-02-26,PREDIO LA ANGOSTURA,ALVARO OBREGON,10-257,PREDIO LA ANGOSTURA,10,ALVARO OBREGON
C5/200229/06837,2020-02-29,PRIVADA GAVILAN (U HAB),IZTAPALAPA,07-163,PRIVADA GAVILAN (U HAB),7,IZTAPALAPA
C5/200229/06837,2020-02-29,PRIVADA GAVILAN (U HAB),IZTAPALAPA,07-196,SAN MIGUEL (BARR),7,IZTAPALAPA
C5/200325/02477,2020-03-25,VERACRUZANA (AMPL),IZTAPALAPA,07-072,ESTADO DE VERACRUZ,7,IZTAPALAPA
C5/200325/02477,2020-03-25,VERACRUZANA (AMPL),IZTAPALAPA,07-241,VERACRUZANA (AMPL),7,IZTAPALAPA
C5/200410/05511,2020-04-10,CONSTITUCION DE 1917 I,IZTAPALAPA,07-248,VICENTE GUERRERO SUPER MANZANA 7 (U HAB),7,IZTAPALAPA
C5/200410/05511,2020-04-10,CONSTITUCION DE 1917 I,IZTAPALAPA,07-266,CONSTITUCION DE 1917 I,7,IZTAPALAPA
C5/200414/03441,2020-04-14,PREDIO LA ANGOSTURA,ALVARO OBREGON,10-163,OLIVAR DE LOS PADRES,10,ALVARO OBREGON
C5/200414/03441,2020-04-14,PREDIO LA ANGOSTURA,ALVARO OBREGON,10-257,PREDIO LA ANGOSTURA,10,ALVARO OBREGON
C5/200605/05639,2020-06-05,KENNEDY (U HAB),VENUSTIANO CARRANZA,17-034,KENNEDY (U HAB),17,VENUSTIANO CARRANZA
C5/200605/05639,2020-06-05,KENNEDY (U HAB),VENUSTIANO CARRANZA,17-077,JARDIN BALBUENA II,17,VENUSTIANO CARRANZA
C5/200720/00809,2020-07-20,PREDIO LA ANGOSTURA,ALVARO OBREGON,10-163,OLIVAR DE LOS PADRES,10,ALVARO OBREGON
C5/200720/00809,2020-07-20,PREDIO LA ANGOSTURA,ALVARO OBREGON,10-257,PREDIO LA ANGOSTURA,10,ALVARO OBREGON
C5/200802/01596,2020-08-02,VERACRUZANA (AMPL),IZTAPALAPA,07-072,ESTADO DE VERACRUZ,7,IZTAPALAPA
C5/200802/01596,2020-08-02,VERACRUZANA (AMPL),IZTAPALAPA,07-241,VERACRUZANA (AMPL),7,IZTAPALAPA
C5/200802/01654,2020-08-02,VERACRUZANA (AMPL),IZTAPALAPA,07-072,ESTADO DE VERACRUZ,7,IZTAPALAPA
C5/200802/01654,2020-08-02,VERACRUZANA (AMPL),IZTAPALAPA,07-241,VERACRUZANA (AMPL),7,IZTAPALAPA
C5/201024/07185,2020-10-24,PREDIO LA ANGOSTURA,ALVARO OBREGON,10-163,OLIVAR DE LOS PADRES,10,ALVARO OBREGON
C5/201024/07185,2020-10-24,PREDIO LA ANGOSTURA,ALVARO OBREGON,10-257,PREDIO LA ANGOSTURA,10,ALVARO OBREGON
C5/201031/07536,2020-10-31,PREDIO LA ANGOSTURA,ALVARO OBREGON,10-163,OLIVAR DE LOS PADRES,10,ALVARO OBREGON
C5/201031/07536,2020-10-31,PREDIO LA ANGOSTURA,ALVARO OBREGON,10-257,PREDIO LA ANGOSTURA,10,ALVARO OBREGON
C5/201031/08016,2020-10-31,PREDIO LA ANGOSTURA,ALVARO OBREGON,10-163,OLIVAR DE LOS PADRES,10,ALVARO OBREGON
C5/201031/08016,2020-10-31,PREDIO LA ANGOSTURA,ALVARO OBREGON,10-257,PREDIO LA ANGOSTURA,10,ALVARO OBREGON
C5/201203/00559,2020-12-03,PRIVADA GAVILAN (U HAB),IZTAPALAPA,07-163,PRIVADA GAVILAN (U HAB),7,IZTAPALAPA
C5/201203/00559,2020-12-03,PRIVADA GAVILAN (U HAB),IZTAPALAPA,07-196,SAN MIGUEL (BARR),7,IZTAPALAPA
C5/201211/01122,2020-12-11,KENNEDY (U HAB),VENUSTIANO CARRANZA,17-034,KENNEDY (U HAB),17,VENUSTIANO CARRANZA
C5/201211/01122,2020-12-11,KENNEDY (U HAB),VENUSTIANO CARRANZA,17-077,JARDIN BALBUENA II,17,VENUSTIANO CARRANZA
C5/201224/07111,2020-12-24,PREDIO LA ANGOSTURA,ALVARO OBREGON,10-163,OLIVAR DE LOS PADRES,10,ALVARO OBREGON
C5/201224/07111,2020-12-24,PREDIO LA ANGOSTURA,ALVARO OBREGON,10-257,PREDIO LA ANGOSTURA,10,ALVARO OBREGON
C5/201224/07113,2020-12-24,PREDIO LA ANGOSTURA,ALVARO OBREGON,10-163,OLIVAR DE LOS PADRES,10,ALVARO OBREGON
C5/201224/07113,2020-12-24,PREDIO LA ANGOSTURA,ALVARO OBREGON,10-257,PREDIO LA ANGOSTURA,10,ALVARO OBREGON
C5/201225/06057,2020-12-25,PREDIO LA ANGOSTURA,ALVARO OBREGON,10-163,OLIVAR DE LOS PADRES,10,ALVARO OBREGON
C5/201225/06057,2020-12-25,PREDIO LA ANGOSTURA,ALVARO OBREGON,10-257,PREDIO LA ANGOSTURA,10,ALVARO OBREGON
C5/20210331/01137,2021-03-31,SAN MIGUEL CHAPULTEPEC II,MIGUEL HIDALGO,15-016,HIPODROMO CONDESA,15,CUAUHTEMOC
C5/20210331/01137,2021-03-31,SAN MIGUEL CHAPULTEPEC II,MIGUEL HIDALGO,16-095,SAN MIGUEL CHAPULTEPEC II,16,MIGUEL HIDALGO
C5/20210417/02453,2021-04-17,GAVILAN (U HAB),IZTAPALAPA,07-081,GAVILAN (U HAB),7,IZTAPALAPA
C5/20210417/02453,2021-04-17,GAVILAN (U HAB),IZTAPALAPA,07-196,SAN MIGUEL (BARR),7,IZTAPALAPA
C5/20210419/01353,2021-04-19,PREDIO LA ANGOSTURA,ALVARO OBREGON,10-163,OLIVAR DE LOS PADRES,10,ALVARO OBREGON
C5/20210419/01353,2021-04-19,PREDIO LA ANGOSTURA,ALVARO OBREGON,10-257,PREDIO LA ANGOSTURA,10,ALVARO OBREGON
C5/20210423/02074,2021-04-23,GAVILAN (U HAB),IZTAPALAPA,07-081,GAVILAN (U HAB),7,IZTAPALAPA
C5/20210423/02074,2021-04-23,GAVILAN (U HAB),IZTAPALAPA,07-196,SAN MIGUEL (BARR),7,IZTAPALAPA
C5/20210423/03908,2021-04-23,GAVILAN (U HAB),IZTAPALAPA,07-081,GAVILAN (U HAB),7,IZTAPALAPA
C5/20210423/03908,2021-04-23,GAVILAN (U HAB),IZTAPALAPA,07-196,SAN MIGUEL (BARR),7,IZTAPALAPA
C5/20210423/05279,2021-04-23,GAVILAN (U HAB),IZTAPALAPA,07-081,GAVILAN (U HAB),7,IZTAPALAPA
C5/20210423/05279,2021-04-23,GAVILAN (U HAB),IZTAPALAPA,07-196,SAN MIGUEL (BARR),7,IZTAPALAPA
C5/20210423/05666,2021-04-23,GAVILAN (U HAB),IZTAPALAPA,07-081,GAVILAN (U HAB),7,IZTAPALAPA
C5/20210423/05666,2021-04-23,GAVILAN (U HAB),IZTAPALAPA,07-196,SAN MIGUEL (BARR),7,IZTAPALAPA
C5/20210424/00109,2021-04-24,GAVILAN (U HAB),IZTAPALAPA,07-081,GAVILAN (U HAB),7,IZTAPALAPA
C5/20210424/00109,2021-04-24,GAVILAN (U HAB),IZTAPALAPA,07-196,SAN MIGUEL (BARR),7,IZTAPALAPA
C5/20210514/03236,2021-05-14,SAN PABLO 396-CONJ HAB SAN PABLO (U HAB),AZCAPOTZALCO,02-081,SAN MARTIN XOCHINAHUAC (PBLO),2,AZCAPOTZALCO
C5/20210514/03236,2021-05-14,SAN PABLO 396-CONJ HAB SAN PABLO (U HAB),AZCAPOTZALCO,02-083,SAN PABLO 396-CONJ HAB SAN PABLO (U HAB),2,AZCAPOTZALCO
C5/20210515/02585,2021-05-15,GAVILAN (U HAB),IZTAPALAPA,07-081,GAVILAN (U HAB),7,IZTAPALAPA
C5/20210515/02585,2021-05-15,GAVILAN (U HAB),IZTAPALAPA,07-196,SAN MIGUEL (BARR),7,IZTAPALAPA
C5/20210518/01369,2021-05-18,PREDIO LA ANGOSTURA,ALVARO OBREGON,10-163,OLIVAR DE LOS PADRES,10,ALVARO OBREGON
C5/20210518/01369,2021-05-18,PREDIO LA ANGOSTURA,ALVARO OBREGON,10-257,PREDIO LA ANGOSTURA,10,ALVARO OBREGON
C5/20210530/04565,2021-05-30,PRIVADA GAVILAN (U HAB),IZTAPALAPA,07-163,PRIVADA GAVILAN (U HAB),7,IZTAPALAPA
C5/20210530/04565,2021-05-30,PRIVADA GAVILAN (U HAB),IZTAPALAPA,07-196,SAN MIGUEL (BARR),7,IZTAPALAPA
C5/20210604/01103,2021-06-04,CENTRO IV,CUAUHTEMOC,15-040,CENTRO IV,15,CUAUHTEMOC
C5/20210604/01103,2021-06-04,CENTRO IV,CUAUHTEMOC,15-044,CENTRO VIII,15,CUAUHTEMOC
C5/20210604/01615,2021-06-04,CENTRO IV,CUAUHTEMOC,15-040,CENTRO IV,15,CUAUHTEMOC
C5/20210604/01615,2021-06-04,CENTRO IV,CUAUHTEMOC,15-044,CENTRO VIII,15,CUAUHTEMOC
C5/20210704/05867,2021-07-04,PREDIO LA ANGOSTURA,ALVARO OBREGON,10-163,OLIVAR DE LOS PADRES,10,ALVARO OBREGON
C5/20210704/05867,2021-07-04,PREDIO LA ANGOSTURA,ALVARO OBREGON,10-257,PREDIO LA ANGOSTURA,10,ALVARO OBREGON
C5/20210712/03760,2021-07-12,SAN PABLO 396-CONJ HAB SAN PABLO (U HAB),AZCAPOTZALCO,02-081,SAN MARTIN XOCHINAHUAC (PBLO),2,AZCAPOTZALCO
C5/20210712/03760,2021-07-12,SAN PABLO 396-CONJ HAB SAN PABLO (U HAB),AZCAPOTZALCO,02-083,SAN PABLO 396-CONJ HAB SAN PABLO (U HAB),2,AZCAPOTZALCO
C5/20210716/03705,2021-07-16,GAVILAN (U HAB),IZTAPALAPA,07-081,GAVILAN (U HAB),7,IZTAPALAPA
C5/20210716/03705,2021-07-16,GAVILAN (U HAB),IZTAPALAPA,07-196,SAN MIGUEL (BARR),7,IZTAPALAPA
C5/20210807/00452,2021-08-07,SAN MIGUEL CHAPULTEPEC II,MIGUEL HIDALGO,15-016,HIPODROMO CONDESA,15,CUAUHTEMOC
C5/20210807/00452,2021-08-07,SAN MIGUEL CHAPULTEPEC II,MIGUEL HIDALGO,16-095,SAN MIGUEL CHAPULTEPEC II,16,MIGUEL HIDALGO
C5/20210813/01347,2021-08-13,SAN MIGUEL CHAPULTEPEC II,MIGUEL HIDALGO,15-016,HIPODROMO CONDESA,15,CUAUHTEMOC
C5/20210813/01347,2021-08-13,SAN MIGUEL CHAPULTEPEC II,MIGUEL HIDALGO,16-095,SAN MIGUEL CHAPULTEPEC II,16,MIGUEL HIDALGO
C5/20210813/01504,2021-08-13,SAN MIGUEL CHAPULTEPEC II,MIGUEL HIDALGO,15-016,HIPODROMO CONDESA,15,CUAUHTEMOC
C5/20210813/01504,2021-08-13,SAN MIGUEL CHAPULTEPEC II,MIGUEL HIDALGO,16-095,SAN MIGUEL CHAPULTEPEC II,16,MIGUEL HIDALGO
C5/20210813/01574,2021-08-13,SAN MIGUEL CHAPULTEPEC II,MIGUEL HIDALGO,15-016,HIPODROMO CONDESA,15,CUAUHTEMOC
C5/20210813/01574,2021-08-13,SAN MIGUEL CHAPULTEPEC II,MIGUEL HIDALGO,16-095,SAN MIGUEL CHAPULTEPEC II,16,MIGUEL HIDALGO
C5/20210902/00953,2021-09-02,SAN MIGUEL CHAPULTEPEC II,CUAUHTEMOC,15-016,HIPODROMO CONDESA,15,CUAUHTEMOC
C5/20210902/00953,2021-09-02,SAN MIGUEL CHAPULTEPEC II,CUAUHTEMOC,16-095,SAN MIGUEL CHAPULTEPEC II,16,MIGUEL HIDALGO
C5/20210910/05498,2021-09-10,SAN MIGUEL CHAPULTEPEC II,CUAUHTEMOC,15-016,HIPODROMO CONDESA,15,CUAUHTEMOC
C5/20210910/05498,2021-09-10,SAN MIGUEL CHAPULTEPEC II,CUAUHTEMOC,16-095,SAN MIGUEL CHAPULTEPEC II,16,MIGUEL HIDALGO
C5/20210914/03492,2021-09-14,PRIVADA GAVILAN (U HAB),IZTAPALAPA,07-163,PRIVADA GAVILAN (U HAB),7,IZTAPALAPA
C5/20210914/03492,2021-09-14,PRIVADA GAVILAN (U HAB),IZTAPALAPA,07-196,SAN MIGUEL (BARR),7,IZTAPALAPA
C5/20210916/05183,2021-09-16,GAVILAN (U HAB),IZTAPALAPA,07-081,GAVILAN (U HAB),7,IZTAPALAPA
C5/20210916/05183,2021-09-16,GAVILAN (U HAB),IZTAPALAPA,07-196,SAN MIGUEL (BARR),7,IZTAPALAPA
C5/20210916/07112,2021-09-16,TORRES DE SAN JUAN (U HAB),GUSTAVO A. MADERO,05-163,SAN JUAN III (U HAB),5,GUSTAVO A. MADERO
C5/20210916/07112,2021-09-16,TORRES DE SAN JUAN (U HAB),GUSTAVO A. MADERO,05-186,TORRES DE SAN JUAN (U HAB),5,GUSTAVO A. MADERO
C5/20210916/07212,2021-09-16,TORRES DE SAN JUAN (U HAB),GUSTAVO A. MADERO,05-163,SAN JUAN III (U HAB),5,GUSTAVO A. MADERO
C5/20210916/07212,2021-09-16,TORRES DE SAN JUAN (U HAB),GUSTAVO A. MADERO,05-186,TORRES DE SAN JUAN (U HAB),5,GUSTAVO A. MADERO
C5/20210920/03627,2021-09-20,"BOSQUE DE CHAPULTEPEC I, II Y III SECCIONES",MIGUEL HIDALGO,16-046,LOMAS VIRREYES (LOMAS DE CHAPULTEPEC),16,MIGUEL HIDALGO
C5/20210920/03627,2021-09-20,"BOSQUE DE CHAPULTEPEC I, II Y III SECCIONES",MIGUEL HIDALGO,16-053,MOLINO DEL REY,16,MIGUEL HIDALGO
C5/20210927/03235,2021-09-27,GAVILAN (U HAB),IZTAPALAPA,07-081,GAVILAN (U HAB),7,IZTAPALAPA
C5/20210927/03235,2021-09-27,GAVILAN (U HAB),IZTAPALAPA,07-196,SAN MIGUEL (BARR),7,IZTAPALAPA
C5/20211017/01833,2021-10-17,GAVILAN (U HAB),IZTAPALAPA,07-081,GAVILAN (U HAB),7,IZTAPALAPA
C5/20211017/01833,2021-10-17,GAVILAN (U HAB),IZTAPALAPA,07-196,SAN MIGUEL (BARR),7,IZTAPALAPA
C5/20211028/01160,2021-10-28,CUCHILLA DEL TESORO,GUSTAVO A. MADERO,05-035,CUCHILLA DEL TESORO,5,GUSTAVO A. MADERO
C5/20211028/01160,2021-10-28,CUCHILLA DEL TESORO,GUSTAVO A. MADERO,17-047,PEÑON DE LOS BAÑOS,17,VENUSTIANO CARRANZA
C5/20220128/03067,2022-01-28,Potrero Del Llano,Tláhuac,09-002,SAN ANTONIO TECOMITL (PBLO),9,MILPA ALTA
C5/20220128/03067,2022-01-28,Potrero Del Llano,Tláhuac,11-012,JAIME TORRES BODET,11,TLAHUAC
C5/20220131/03826,2022-01-31,Culhuacan Ctm Canal Nacional,Coyoacán,03-015,CANAL NACIONAL 260 (U HAB),3,COYOACAN
C5/20220131/03826,2022-01-31,Culhuacan Ctm Canal Nacional,Coyoacán,03-031,CTM VII CULHUACAN (U HAB),3,COYOACAN
C5/20220203/03735,2022-02-03,Culhuacan Ctm Canal Nacional,Coyoacán,03-015,CANAL NACIONAL 260 (U HAB),3,COYOACAN
C5/20220203/03735,2022-02-03,Culhuacan Ctm Canal Nacional,Coyoacán,03-031,CTM VII CULHUACAN (U HAB),3,COYOACAN
C5/20220208/03330,2022-02-08,San Miguel Chapultepec I Seccion,Cuauhtémoc,15-016,HIPODROMO CONDESA,15,CUAUHTEMOC
C5/20220208/03330,2022-02-08,San Miguel Chapultepec I Seccion,Cuauhtémoc,16-095,SAN MIGUEL CHAPULTEPEC II,16,MIGUEL HIDALGO
C5/20220209/01713,2022-02-09,Barrio San Miguel,Iztapalapa,07-081,GAVILAN (U HAB),7,IZTAPALAPA
C5/20220209/01713,2022-02-09,Barrio San Miguel,Iztapalapa,07-196,SAN MIGUEL (BARR),7,IZTAPALAPA
C5/20220210/02388,2022-02-10,Barrio San Miguel,Iztapalapa,07-081,GAVILAN (U HAB),7,IZTAPALAPA
C5/20220210/02388,2022-02-10,Barrio San Miguel,Iztapalapa,07-196,SAN MIGUEL (BARR),7,IZTAPALAPA
C5/20220222/02306,2022-02-22,D M Nacional,Gustavo A. Madero,05-050,EL COYOL (U HAB),5,GUSTAVO A. MADERO
C5/20220222/02306,2022-02-22,D M Nacional,Gustavo A. Madero,05-089,JOSE MARIA MORELOS Y PAVON II (U HAB),5,GUSTAVO A. MADERO
C5/20220225/03623,2022-02-25,San Lorenzo Tlatenango,Miguel Hidalgo,02-060,PLENITUD,2,AZCAPOTZALCO
C5/20220225/03623,2022-02-25,San Lorenzo Tlatenango,Miguel Hidalgo,16-072,SAN DIEGO OCOYOACAC,16,MIGUEL HIDALGO
C5/20220310/02047,2022-03-10,Barrio San Miguel,Iztapalapa,07-081,GAVILAN (U HAB),7,IZTAPALAPA
C5/20220310/02047,2022-03-10,Barrio San Miguel,Iztapalapa,07-196,SAN MIGUEL (BARR),7,IZTAPALAPA
C5/20220323/00231,2022-03-23,Barrio San Miguel,Iztapalapa,07-163,PRIVADA GAVILAN (U HAB),7,IZTAPALAPA
C5/20220323/00231,2022-03-23,Barrio San Miguel,Iztapalapa,07-196,SAN MIGUEL (BARR),7,IZTAPALAPA
C5/20220325/01528,2022-03-25,Bosque De Chapultepec Ii Seccion,Miguel Hidalgo,16-046,LOMAS VIRREYES (LOMAS DE CHAPULTEPEC),16,MIGUEL HIDALGO
C5/20220325/01528,2022-03-25,Bosque De Chapultepec Ii Seccion,Miguel Hidalgo,16-053,MOLINO DEL REY,16,MIGUEL HIDALGO
C5/20220331/02713,2022-03-31,D M Nacional,Gustavo A. Madero,05-163,SAN JUAN III (U HAB),5,GUSTAVO A. MADERO
C5/20220331/02713,2022-03-31,D M Nacional,Gustavo A. Madero,05-186,TORRES DE SAN JUAN (U HAB),5,GUSTAVO A. MADERO
C5/20220408/02824,2022-04-08,San Miguel Chapultepec I Seccion,Cuauhtémoc,15-016,HIPODROMO CONDESA,15,CUAUHTEMOC
C5/20220408/02824,2022-04-08,San Miguel Chapultepec I Seccion,Cuauhtémoc,16-095,SAN MIGUEL CHAPULTEPEC II,16,MIGUEL HIDALGO
C5/20220414/01816,2022-04-14,Nueva El Rosario,Azcapotzalco,02-081,SAN MARTIN XOCHINAHUAC (PBLO),2,AZCAPOTZALCO
C5/20220414/01816,2022-04-14,Nueva El Rosario,Azcapotzalco,02-083,SAN PABLO 396-CONJ HAB SAN PABLO (U HAB),2,AZCAPOTZALCO
C5/20220502/02243,2022-05-02,Barrio San Miguel,Iztapalapa,07-081,GAVILAN (U HAB),7,IZTAPALAPA
C5/20220502/02243,2022-05-02,Barrio San Miguel,Iztapalapa,07-196,SAN MIGUEL (BARR),7,IZTAPALAPA
C5/20220504/02276,2022-05-04,Barrio San Miguel,Iztapalapa,07-081,GAVILAN (U HAB),7,IZTAPALAPA
C5/20220504/02276,2022-05-04,Barrio San Miguel,Iztapalapa,07-196,SAN MIGUEL (BARR),7,IZTAPALAPA
C5/20220504/02717,2022-05-04,Barrio San Miguel,Iztapalapa,07-081,GAVILAN (U HAB),7,IZTAPALAPA
C5/20220504/02717,2022-05-04,Barrio San Miguel,Iztapalapa,07-196,SAN MIGUEL (BARR),7,IZTAPALAPA
C5/20220504/02727,2022-05-04,Barrio San Miguel,Iztapalapa,07-081,GAVILAN (U HAB),7,IZTAPALAPA
C5/20220504/02727,2022-05-04,Barrio San Miguel,Iztapalapa,07-196,SAN MIGUEL (BARR),7,IZTAPALAPA
C5/20220516/01133,2022-05-16,Barrio San Miguel,Iztapalapa,07-081,GAVILAN (U HAB),7,IZTAPALAPA
C5/20220516/01133,2022-05-16,Barrio San Miguel,Iztapalapa,07-196,SAN MIGUEL (BARR),7,IZTAPALAPA
C5/20220516/04423,2022-05-16,Barrio San Miguel,Iztapalapa,07-081,GAVILAN (U HAB),7,IZTAPALAPA
C5/20220516/04423,2022-05-16,Barrio San Miguel,Iztapalapa,07-196,SAN MIGUEL (BARR),7,IZTAPALAPA
C5/20220529/07946,2022-05-29,Barrio La Purisima Ticoman,Gustavo A. Madero,05-082,INFONAVIT (U HAB),5,GUSTAVO A. MADERO
C5/20220529/07946,2022-05-29,Barrio La Purisima Ticoman,Gustavo A. Madero,05-111,LA PURISIMA TICOMAN (BARR),5,GUSTAVO A. MADERO
C5/20220601/01192,2022-06-01,Barrio San Miguel,Iztapalapa,07-081,GAVILAN (U HAB),7,IZTAPALAPA
C5/20220601/01192,2022-06-01,Barrio San Miguel,Iztapalapa,07-196,SAN MIGUEL (BARR),7,IZTAPALAPA
C5/20220601/02365,2022-06-01,Barrio San Miguel,Iztapalapa,07-081,GAVILAN (U HAB),7,IZTAPALAPA
C5/20220601/02365,2022-06-01,Barrio San Miguel,Iztapalapa,07-196,SAN MIGUEL (BARR),7,IZTAPALAPA
C5/20220605/06523,2022-06-05,Barrio San Miguel,Iztapalapa,07-081,GAVILAN (U HAB),7,IZTAPALAPA
C5/20220605/06523,2022-06-05,Barrio San Miguel,Iztapalapa,07-196,SAN MIGUEL (BARR),7,IZTAPALAPA
C5/20220613/00503,2022-06-13,Barrio San Miguel,Iztapalapa,07-163,PRIVADA GAVILAN (U HAB),7,IZTAPALAPA
C5/20220613/00503,2022-06-13,Barrio San Miguel,Iztapalapa,07-196,SAN MIGUEL (BARR),7,IZTAPALAPA
C5/20220613/01141,2022-06-13,Jardin Balbuena,Venustiano Carranza,17-034,KENNEDY (U HAB),17,VENUSTIANO CARRANZA
C5/20220613/01141,2022-06-13,Jardin Balbuena,Venustiano Carranza,17-077,JARDIN BALBUENA II,17,VENUSTIANO CARRANZA
C5/20220614/00850,2022-06-14,San Miguel Chapultepec I Seccion,Cuauhtémoc,15-016,HIPODROMO CONDESA,15,CUAUHTEMOC
C5/20220614/00850,2022-06-14,San Miguel Chapultepec I Seccion,Cuauhtémoc,16-095,SAN MIGUEL CHAPULTEPEC II,16,MIGUEL HIDALGO
C5/20220625/05116,2022-06-25,Granjas Coapa,Tlalpan,03-052,HACIENDAS DE COYOACAN (FRACC),3,COYOACAN
C5/20220625/05116,2022-06-25,Granjas Coapa,Tlalpan,12-164,SAUZALES CEBADALES (U HAB),12,TLALPAN
C5/20220708/03879,2022-07-08,Barrio San Miguel,Iztapalapa,07-081,GAVILAN (U HAB),7,IZTAPALAPA
C5/20220708/03879,2022-07-08,Barrio San Miguel,Iztapalapa,07-196,SAN MIGUEL (BARR),7,IZTAPALAPA
C5/20220708/04466,2022-07-08,Barrio San Miguel,Iztapalapa,07-081,GAVILAN (U HAB),7,IZTAPALAPA
C5/20220708/04466,2022-07-08,Barrio San Miguel,Iztapalapa,07-196,SAN MIGUEL (BARR),7,IZTAPALAPA
C5/20220708/05103,2022-07-08,Barrio San Miguel,Iztapalapa,07-163,PRIVADA GAVILAN (U HAB),7,IZTAPALAPA
C5/20220708/05103,2022-07-08,Barrio San Miguel,Iztapalapa,07-196,SAN MIGUEL (BARR),7,IZTAPALAPA
C5/20220708/05304,2022-07-08,Barrio San Miguel,Iztapalapa,07-163,PRIVADA GAVILAN (U HAB),7,IZTAPALAPA
C5/20220708/05304,2022-07-08,Barrio San Miguel,Iztapalapa,07-196,SAN MIGUEL (BARR),7,IZTAPALAPA
C5/20220709/00327,2022-07-09,Barrio San Miguel,Iztapalapa,07-163,PRIVADA GAVILAN (U HAB),7,IZTAPALAPA
C5/20220709/00327,2022-07-09,Barrio San Miguel,Iztapalapa,07-196,SAN MIGUEL (BARR),7,IZTAPALAPA
C5/20220722/00273,2022-07-22,Barrio San Miguel,Iztapalapa,07-081,GAVILAN (U HAB),7,IZTAPALAPA
C5/20220722/00273,2022-07-22,Barrio San Miguel,Iztapalapa,07-196,SAN MIGUEL (BARR),7,IZTAPALAPA
C5/20220806/01210,2022-08-06,D M Nacional,Gustavo A. Madero,05-163,SAN JUAN III (U HAB),5,GUSTAVO A. MADERO
C5/20220806/01210,2022-08-06,D M Nacional,Gustavo A. Madero,05-186,TORRES DE SAN JUAN (U HAB),5,GUSTAVO A. MADERO
C5/20220806/04690,2022-08-06,Barrio San Miguel,Iztapalapa,07-081,GAVILAN (U HAB),7,IZTAPALAPA
C5/20220806/04690,2022-08-06,Barrio San Miguel,Iztapalapa,07-196,SAN MIGUEL (BARR),7,IZTAPALAPA
C5/20221005/01830,2022-10-05,San Miguel Chapultepec I Seccion,Miguel Hidalgo,15-016,HIPODROMO CONDESA,15,CUAUHTEMOC
C5/20221005/01830,2022-10-05,San Miguel Chapultepec I Seccion,Miguel Hidalgo,16-095,SAN MIGUEL CHAPULTEPEC II,16,MIGUEL HIDALGO
C5/20221019/02239,2022-10-19,Barrio La Purisima Ticoman,Gustavo A. Madero,05-082,INFONAVIT (U HAB),5,GUSTAVO A. MADERO
C5/20221019/02239,2022-10-19,Barrio La Purisima Ticoman,Gustavo A. Madero,05-111,LA PURISIMA TICOMAN (BARR),5,GUSTAVO A. MADERO
C5/20221020/03124,2022-10-20,Barrio San Miguel,Iztapalapa,07-081,GAVILAN (U HAB),7,IZTAPALAPA
C5/20221020/03124,2022-10-20,Barrio San Miguel,Iztapalapa,07-196,SAN MIGUEL (BARR),7,IZTAPALAPA
C5/20221107/01626,2022-11-07,Barrio San Miguel,Iztapalapa,07-163,PRIVADA GAVILAN (U HAB),7,IZTAPALAPA
C5/20221107/01626,2022-11-07,Barrio San Miguel,Iztapalapa,07-196,SAN MIGUEL (BARR),7,IZTAPALAPA
C5/20221115/03927,2022-11-15,D M Nacional,Gustavo A. Madero,05-163,SAN JUAN III (U HAB),5,GUSTAVO A. MADERO
C5/20221115/03927,2022-11-15,D M Nacional,Gustavo A. Madero,05-186,TORRES DE SAN JUAN (U HAB),5,GUSTAVO A. MADERO
C5/20221202/02833,2022-12-02,Jardin Balbuena,Venustiano Carranza,17-034,KENNEDY (U HAB),17,VENUSTIANO CARRANZA
C5/20221202/02833,2022-12-02,Jardin Balbuena,Venustiano Carranza,17-077,JARDIN BALBUENA II,17,VENUSTIANO CARRANZA
C5/20221203/02272,2022-12-03,Ampliacion Fuentes Del Pedregal,Tlalpan,10-091,JARDINES DEL PEDREGAL,10,ALVARO OBREGON
C5/20221203/02272,2022-12-03,Ampliacion Fuentes Del Pedregal,Tlalpan,12-049,FUENTES DEL PEDREGAL,12,TLALPAN
C5/20221205/03407,2022-12-05,Barrio La Purisima Ticoman,Gustavo A. Madero,05-082,INFONAVIT (U HAB),5,GUSTAVO A. MADERO
C5/20221205/03407,2022-12-05,Barrio La Purisima Ticoman,Gustavo A. Madero,05-111,LA PURISIMA TICOMAN (BARR),5,GUSTAVO A. MADERO
C5/20221212/03717,2022-12-12,Barrio San Miguel,Iztapalapa,07-081,GAVILAN (U HAB),7,IZTAPALAPA
C5/20221212/03717,2022-12-12,Barrio San Miguel,Iztapalapa,07-196,SAN MIGUEL (BARR),7,IZTAPALAPA
C5/20221212/03946,2022-12-12,Potrero Del Llano,Tláhuac,09-002,SAN ANTONIO TECOMITL (PBLO),9,MILPA ALTA
C5/20221212/03946,2022-12-12,Potrero Del Llano,Tláhuac,11-012,JAIME TORRES BODET,11,TLAHUAC
C5/20221224/04628,2022-12-24,Alvaro Obregon,Iztapalapa,07-006,ALVARO OBREGON_(FRACC),7,IZTAPALAPA
C5/20221224/04628,2022-12-24,Alvaro Obregon,Iztapalapa,07-042,EJERCITO DE AGUA PRIETA,7,IZTAPALAPA
C5/20230202/01531,2023-02-02,Cuchilla Del Tesoro,Venustiano Carranza,05-035,CUCHILLA DEL TESORO,5,GUSTAVO A. MADERO
C5/20230202/01531,2023-02-02,Cuchilla Del Tesoro,Venustiano Carranza,17-047,PEÑON DE LOS BAÑOS,17,VENUSTIANO CARRANZA
C5/20230206/02263,2023-02-06,Barrio San Miguel,Iztapalapa,07-081,GAVILAN (U HAB),7,IZTAPALAPA
C5/20230206/02263,2023-02-06,Barrio San Miguel,Iztapalapa,07-196,SAN MIGUEL (BARR),7,IZTAPALAPA
C5/20230206/02419,2023-02-06,Barrio San Miguel,Iztapalapa,07-081,GAVILAN (U HAB),7,IZTAPALAPA
C5/20230206/02419,2023-02-06,Barrio San Miguel,Iztapalapa,07-196,SAN MIGUEL (BARR),7,IZTAPALAPA
C5/20230214/01680,2023-02-14,Barrio San Miguel,Iztapalapa,07-081,GAVILAN (U HAB),7,IZTAPALAPA
C5/20230214/01680,2023-02-14,Barrio San Miguel,Iztapalapa,07-196,SAN MIGUEL (BARR),7,IZTAPALAPA
C5/20230214/01765,2023-02-14,Barrio San Miguel,Iztapalapa,07-081,GAVILAN (U HAB),7,IZTAPALAPA
C5/20230214/01765,2023-02-14,Barrio San Miguel,Iztapalapa,07-196,SAN MIGUEL (BARR),7,IZTAPALAPA
C5/20230216/01212,2023-02-16,Potrero Del Llano,Tláhuac,09-002,SAN ANTONIO TECOMITL (PBLO),9,MILPA ALTA
C5/20230216/01212,2023-02-16,Potrero Del Llano,Tláhuac,11-012,JAIME TORRES BODET,11,TLAHUAC
C5/20230222/02277,2023-02-22,Barrio San Miguel,Iztapalapa,07-081,GAVILAN (U HAB),7,IZTAPALAPA
C5/20230222/02277,2023-02-22,Barrio San Miguel,Iztapalapa,07-196,SAN MIGUEL (BARR),7,IZTAPALAPA
C5/20230225/03634,2023-02-25,San Miguel Chapultepec I Seccion,Cuauhtémoc,15-016,HIPODROMO CONDESA,15,CUAUHTEMOC
C5/20230225/03634,2023-02-25,San Miguel Chapultepec I Seccion,Cuauhtémoc,16-095,SAN MIGUEL CHAPULTEPEC II,16,MIGUEL HIDALGO
C5/20230315/00930,2023-03-15,Doctores,Cuauhtémoc,15-047,DOCTORES III,15,CUAUHTEMOC
C5/20230315/00930,2023-03-15,Doctores,Cuauhtémoc,15-063,OBRERA II,15,CUAUHTEMOC
C5/20230322/00749,2023-03-22,Barrio San Miguel,Iztapalapa,07-081,GAVILAN (U HAB),7,IZTAPALAPA
C5/20230322/00749,2023-03-22,Barrio San Miguel,Iztapalapa,07-196,SAN MIGUEL (BARR),7,IZTAPALAPA
C5/20230324/01279,2023-03-24,Barrio San Miguel,Iztapalapa,07-163,PRIVADA GAVILAN (U HAB),7,IZTAPALAPA
C5/20230324/01279,2023-03-24,Barrio San Miguel,Iztapalapa,07-196,SAN MIGUEL (BARR),7,IZTAPALAPA
C5/20230406/04383,2023-04-06,San Miguel Chapultepec I Seccion,Cuauhtémoc,15-016,HIPODROMO CONDESA,15,CUAUHTEMOC
C5/20230406/04383,2023-04-06,San Miguel Chapultepec I Seccion,Cuauhtémoc,16-095,SAN MIGUEL CHAPULTEPEC II,16,MIGUEL HIDALGO
C5/20230407/03636,2023-04-07,Barrio San Miguel,Iztapalapa,07-081,GAVILAN (U HAB),7,IZTAPALAPA
C5/20230407/03636,2023-04-07,Barrio San Miguel,Iztapalapa,07-196,SAN MIGUEL (BARR),7,IZTAPALAPA
C5/20230414/04099,2023-04-14,Barrio San Miguel,Iztapalapa,07-081,GAVILAN (U HAB),7,IZTAPALAPA
C5/20230414/04099,2023-04-14,Barrio San Miguel,Iztapalapa,07-196,SAN MIGUEL (BARR),7,IZTAPALAPA
C5/20230512/04851,2023-05-12,Barrio San Miguel,Iztapalapa,07-081,GAVILAN (U HAB),7,IZTAPALAPA
C5/20230512/04851,2023-05-12,Barrio San Miguel,Iztapalapa,07-196,SAN MIGUEL (BARR),7,IZTAPALAPA
C5/20230529/02695,2023-05-29,Jardin Balbuena,Venustiano Carranza,17-034,KENNEDY (U HAB),17,VENUSTIANO CARRANZA
C5/20230529/02695,2023-05-29,Jardin Balbuena,Venustiano Carranza,17-077,JARDIN BALBUENA II,17,VENUSTIANO CARRANZA
C5/20230610/00343,2023-06-10,Centro,Cuauhtémoc,15-040,CENTRO IV,15,CUAUHTEMOC
C5/20230610/00343,2023-06-10,Centro,Cuauhtémoc,15-044,CENTRO VIII,15,CUAUHTEMOC
C5/20230622/03256,2023-06-22,D M Nacional,Gustavo A. Madero,05-163,SAN JUAN III (U HAB),5,GUSTAVO A. MADERO
C5/20230622/03256,2023-06-22,D M Nacional,Gustavo A. Madero,05-187,TORRES DE SAN JUAN 1B (U HAB),5,GUSTAVO A. MADERO
C5/20230630/02480,2023-06-30,Centro,Cuauhtémoc,15-040,CENTRO IV,15,CUAUHTEMOC
C5/20230630/02480,2023-06-30,Centro,Cuauhtémoc,15-044,CENTRO VIII,15,CUAUHTEMOC
C5/20230703/03508,2023-07-03,Barrio San Miguel,Iztapalapa,07-081,GAVILAN (U HAB),7,IZTAPALAPA
C5/20230703/03508,2023-07-03,Barrio San Miguel,Iztapalapa,07-196,SAN MIGUEL (BARR),7,IZTAPALAPA
C5/20230703/03792,2023-07-03,Barrio San Miguel,Iztapalapa,07-081,GAVILAN (U HAB),7,IZTAPALAPA
C5/20230703/03792,2023-07-03,Barrio San Miguel,Iztapalapa,07-196,SAN MIGUEL (BARR),7,IZTAPALAPA
C5/20230706/03644,2023-07-06,Chinampac De Juarez,Iztapalapa,07-044,EJTO CONSTITUCIONALISTA,7,IZTAPALAPA
C5/20230706/03644,2023-07-06,Chinampac De Juarez,Iztapalapa,07-278,JUAN ESCUTIA II,7,IZTAPALAPA
C5/20230711/01631,2023-07-11,Barrio San Miguel,Iztapalapa,07-081,GAVILAN (U HAB),7,IZTAPALAPA
C5/20230711/01631,2023-07-11,Barrio San Miguel,Iztapalapa,07-196,SAN MIGUEL (BARR),7,IZTAPALAPA
C5/20230728/01358,2023-07-28,San Miguel Chapultepec I Seccion,Miguel Hidalgo,15-016,HIPODROMO CONDESA,15,CUAUHTEMOC
C5/20230728/01358,2023-07-28,San Miguel Chapultepec I Seccion,Miguel Hidalgo,16-095,SAN MIGUEL CHAPULTEPEC II,16,MIGUEL HIDALGO
C5/20230803/02533,2023-08-03,Doctores,Cuauhtémoc,15-049,DOCTORES V,15,CUAUHTEMOC
C5/20230803/02533,2023-08-03,Doctores,Cuauhtémoc,15-063,OBRERA II,15,CUAUHTEMOC
C5/20230807/04103,2023-08-07,Barrio San Miguel,Iztapalapa,07-081,GAVILAN (U HAB),7,IZTAPALAPA
C5/20230807/04103,2023-08-07,Barrio San Miguel,Iztapalapa,07-196,SAN MIGUEL (BARR),7,IZTAPALAPA
C5/20230813/05200,2023-08-13,Transito,Cuauhtémoc,15-032,TRANSITO,15,CUAUHTEMOC
C5/20230813/05200,2023-08-13,Transito,Cuauhtémoc,15-063,OBRERA II,15,CUAUHTEMOC
C5/20230920/01466,2023-09-20,D M Nacional,Gustavo A. Madero,05-163,SAN JUAN III (U HAB),5,GUSTAVO A. MADERO
C5/20230920/01466,2023-09-20,D M Nacional,Gustavo A. Madero,05-186,TORRES DE SAN JUAN (U HAB),5,GUSTAVO A. MADERO
C5/20230920/01468,2023-09-20,D M Nacional,Gustavo A. Madero,05-163,SAN JUAN III (U HAB),5,GUSTAVO A. MADERO
C5/20230920/01468,2023-09-20,D M Nacional,Gustavo A. Madero,05-187,TORRES DE SAN JUAN 1B (U HAB),5,GUSTAVO A. MADERO
C5/20230920/01473,2023-09-20,D M Nacional,Gustavo A. Madero,05-163,SAN JUAN III (U HAB),5,GUSTAVO A. MADERO
C5/20230920/01473,2023-09-20,D M Nacional,Gustavo A. Madero,05-186,TORRES DE SAN JUAN (U HAB),5,GUSTAVO A. MADERO
C5/20230925/02175,2023-09-25,Barrio San Miguel,Iztapalapa,07-081,GAVILAN (U HAB),7,IZTAPALAPA
C5/20230925/02175,2023-09-25,Barrio San Miguel,Iztapalapa,07-196,SAN MIGUEL (BARR),7,IZTAPALAPA
C5/20230929/02437,2023-09-29,Barrio San Miguel,Iztapalapa,07-081,GAVILAN (U HAB),7,IZTAPALAPA
C5/20230929/02437,2023-09-29,Barrio San Miguel,Iztapalapa,07-196,SAN MIGUEL (BARR),7,IZTAPALAPA
C5/20231001/05650,2023-10-01,Chinampac De Juarez,Iztapalapa,07-044,EJTO CONSTITUCIONALISTA,7,IZTAPALAPA
C5/20231001/05650,2023-10-01,Chinampac De Juarez,Iztapalapa,07-278,JUAN ESCUTIA II,7,IZTAPALAPA
C5/20231013/04696,2023-10-13,D M Nacional,Gustavo A. Madero,05-163,SAN JUAN III (U HAB),5,GUSTAVO A. MADERO
C5/20231013/04696,2023-10-13,D M Nacional,Gustavo A. Madero,05-186,TORRES DE SAN JUAN (U HAB),5,GUSTAVO A. MADERO
C5/20231018/02197,2023-10-18,Barrio San Miguel,Iztapalapa,07-163,PRIVADA GAVILAN (U HAB),7,IZTAPALAPA
C5/20231018/02197,2023-10-18,Barrio San Miguel,Iztapalapa,07-196,SAN MIGUEL (BARR),7,IZTAPALAPA
C5/20231026/00808,2023-10-26,San Miguel Chapultepec Ii Seccion,Miguel Hidalgo,15-008,CONDESA,15,CUAUHTEMOC
C5/20231026/00808,2023-10-26,San Miguel Chapultepec Ii Seccion,Miguel Hidalgo,16-095,SAN MIGUEL CHAPULTEPEC II,16,MIGUEL HIDALGO
C5/20231117/02648,2023-11-17,San Miguel Chapultepec I Seccion,Miguel Hidalgo,15-016,HIPODROMO CONDESA,15,CUAUHTEMOC
C5/20231117/02648,2023-11-17,San Miguel Chapultepec I Seccion,Miguel Hidalgo,16-095,SAN MIGUEL CHAPULTEPEC II,16,MIGUEL HIDALGO
C5/20231119/04718,2023-11-19,Barrio La Purisima Ticoman,Gustavo A. Madero,05-082,INFONAVIT (U HAB),5,GUSTAVO A. MADERO
C5/20231119/04718,2023-11-19,Barrio La Purisima Ticoman,Gustavo A. Madero,05-111,LA PURISIMA TICOMAN (BARR),5,GUSTAVO A. MADERO
C5/20231204/01370,2023-12-04,Barrio San Miguel,Iztapalapa,07-081,GAVILAN (U HAB),7,IZTAPALAPA
C5/20231204/01370,2023-12-04,Barrio San Miguel,Iztapalapa,07-196,SAN MIGUEL (BARR),7,IZTAPALAPA
C5/20231204/01393,2023-12-04,Barrio San Miguel,Iztapalapa,07-081,GAVILAN (U HAB),7,IZTAPALAPA
C5/20231204/01393,2023-12-04,Barrio San Miguel,Iztapalapa,07-196,SAN MIGUEL (BARR),7,IZTAPALAPA
C5/20231208/01357,2023-12-08,Vasco De Quiroga,Gustavo A. Madero,05-185,TORRES DE QUIROGA (U HAB),5,GUSTAVO A. MADERO
C5/20231208/01357,2023-12-08,Vasco De Quiroga,Gustavo A. Madero,05-231,NUEVA ATZACOALCO III,5,GUSTAVO A. MADERO
C5/20231215/05893,2023-12-15,Nueva El Rosario,Azcapotzalco,02-081,SAN MARTIN XOCHINAHUAC (PBLO),2,AZCAPOTZALCO
C5/20231215/05893,2023-12-15,Nueva El Rosario,Azcapotzalco,02-083,SAN PABLO 396-CONJ HAB SAN PABLO (U HAB),2,AZCAPOTZALCO
C5/20231216/00055,2023-12-16,Nueva El Rosario,Azcapotzalco,02-081,SAN MARTIN XOCHINAHUAC (PBLO),2,AZCAPOTZALCO
C5/20231216/00055,2023-12-16,Nueva El Rosario,Azcapotzalco,02-083,SAN PABLO 396-CONJ HAB SAN PABLO (U HAB),2,AZCAPOTZALCO
C5/20231217/01342,2023-12-17,Barrio San Miguel,Iztapalapa,07-081,GAVILAN (U HAB),7,IZTAPALAPA
C5/20231217/01342,2023-12-17,Barrio San Miguel,Iztapalapa,07-196,SAN MIGUEL (BARR),7,IZTAPALAPA
C5/20231217/01426,2023-12-17,Barrio San Miguel,Iztapalapa,07-081,GAVILAN (U HAB),7,IZTAPALAPA
C5/20231217/01426,2023-12-17,Barrio San Miguel,Iztapalapa,07-196,SAN MIGUEL (BARR),7,IZTAPALAPA
C5/20231217/01462,2023-12-17,Barrio San Miguel,Iztapalapa,07-081,GAVILAN (U HAB),7,IZTAPALAPA
C5/20231217/01462,2023-12-17,Barrio San Miguel,Iztapalapa,07-196,SAN MIGUEL (BARR),7,IZTAPALAPA
C5/20231222/02518,2023-12-22,Barrio San Miguel,Iztapalapa,07-081,GAVILAN (U HAB),7,IZTAPALAPA
C5/20231222/02518,2023-12-22,Barrio San Miguel,Iztapalapa,07-196,SAN MIGUEL (BARR),7,IZTAPALAPA
C5/20240110/04019,2024-01-10,Nueva El Rosario,Azcapotzalco,02-012,CRUZ ROJA TEPANTONGO (U HAB),2,AZCAPOTZALCO
C5/20240110/04019,2024-01-10,Nueva El Rosario,Azcapotzalco,02-081,SAN MARTIN XOCHINAHUAC (PBLO),2,AZCAPOTZALCO
C5/20240114/04636,2024-01-14,Barrio San Miguel,Iztapalapa,07-081,GAVILAN (U HAB),7,IZTAPALAPA
C5/20240114/04636,2024-01-14,Barrio San Miguel,Iztapalapa,07-196,SAN MIGUEL (BARR),7,IZTAPALAPA
C5/20240118/01511,2024-01-18,Nueva El Rosario,Azcapotzalco,02-081,SAN MARTIN XOCHINAHUAC (PBLO),2,AZCAPOTZALCO
C5/20240118/01511,2024-01-18,Nueva El Rosario,Azcapotzalco,02-083,SAN PABLO 396-CONJ HAB SAN PABLO (U HAB),2,AZCAPOTZALCO
C5/20240127/05630,2024-01-27,Barrio San Miguel,Iztapalapa,07-081,GAVILAN (U HAB),7,IZTAPALAPA
C5/20240127/05630,2024-01-27,Barrio San Miguel,Iztapalapa,07-196,SAN MIGUEL (BARR),7,IZTAPALAPA
C5/20240223/01129,2024-02-23,Barrio San Miguel,Iztapalapa,07-081,GAVILAN (U HAB),7,IZTAPALAPA
C5/20240223/01129,2024-02-23,Barrio San Miguel,Iztapalapa,07-196,SAN MIGUEL (BARR),7,IZTAPALAPA
C5/210206/01177,2021-02-06,LA JOYA,GUSTAVO A. MADERO,05-036,CUCHILLA LA JOYA,5,GUSTAVO A. MADERO
C5/210206/01177,2021-02-06,LA JOYA,GUSTAVO A. MADERO,05-102,LA JOYA,5,GUSTAVO A. MADERO
C5/210206/01286,2021-02-06,PREDIO LA ANGOSTURA,ALVARO OBREGON,10-163,OLIVAR DE LOS PADRES,10,ALVARO OBREGON
C5/210206/01286,2021-02-06,PREDIO LA ANGOSTURA,ALVARO OBREGON,10-257,PREDIO LA ANGOSTURA,10,ALVARO OBREGON
C5/210304/03710,2021-03-04,PREDIO LA ANGOSTURA,ALVARO OBREGON,10-163,OLIVAR DE LOS PADRES,10,ALVARO OBREGON
C5/210304/03710,2021-03-04,PREDIO LA ANGOSTURA,ALVARO OBREGON,10-257,PREDIO LA ANGOSTURA,10,ALVARO OBREGON
C5/210313/03024,2021-03-13,PREDIO LA ANGOSTURA,ALVARO OBREGON,10-163,OLIVAR DE LOS PADRES,10,ALVARO OBREGON
C5/210313/03024,2021-03-13,PREDIO LA ANGOSTURA,ALVARO OBREGON,10-257,PREDIO LA ANGOSTURA,10,ALVARO OBREGON
C5/210321/02929,2021-03-21,KENNEDY (U HAB),VENUSTIANO CARRANZA,17-034,KENNEDY (U HAB),17,VENUSTIANO CARRANZA
C5/210321/02929,2021-03-21,KENNEDY (U HAB),VENUSTIANO CARRANZA,17-077,JARDIN BALBUENA II,17,VENUSTIANO CARRANZA
GA/140623/02684,2014-06-23,LA JOYA,GUSTAVO A. MADERO,05-036,CUCHILLA LA JOYA,5,GUSTAVO A. MADERO
GA/140623/02684,2014-06-23,LA JOYA,GUSTAVO A. MADERO,05-102,LA JOYA,5,GUSTAVO A. MADERO
GA/180509/05638,2018-05-09,TORRES DE SAN JUAN (U HAB),GUSTAVO A. MADERO,05-163,SAN JUAN III (U HAB),5,GUSTAVO A. MADERO
GA/180509/05638,2018-05-09,TORRES DE SAN JUAN (U HAB),GUSTAVO A. MADERO,05-186,TORRES DE SAN JUAN (U HAB),5,GUSTAVO A. MADERO
IZ/140807/03094,2014-08-07,PRIVADA GAVILAN (U HAB),IZTAPALAPA,07-163,PRIVADA GAVILAN (U HAB),7,IZTAPALAPA
IZ/140807/03094,2014-08-07,PRIVADA GAVILAN (U HAB),IZTAPALAPA,07-196,SAN MIGUEL (BARR),7,IZTAPALAPA
IZ/140807/03429,2014-08-07,PRIVADA GAVILAN (U HAB),IZTAPALAPA,07-163,PRIVADA GAVILAN (U HAB),7,IZTAPALAPA
IZ/140807/03429,2014-08-07,PRIVADA GAVILAN (U HAB),IZTAPALAPA,07-196,SAN MIGUEL (BARR),7,IZTAPALAPA
IZ/151104/01495,2015-11-04,PRIVADA GAVILAN (U HAB),IZTAPALAPA,07-163,PRIVADA GAVILAN (U HAB),7,IZTAPALAPA
IZ/151104/01495,2015-11-04,PRIVADA GAVILAN (U HAB),IZTAPALAPA,07-196,SAN MIGUEL (BARR),7,IZTAPALAPA
IZ/180206/05318,2018-02-06,GAVILAN (U HAB),IZTAPALAPA,07-081,GAVILAN (U HAB),7,IZTAPALAPA
IZ/180206/05318,2018-02-06,GAVILAN (U HAB),IZTAPALAPA,07-196,SAN MIGUEL (BARR),7,IZTAPALAPA
IZ/180206/05736,2018-02-06,GAVILAN (U HAB),IZTAPALAPA,07-081,GAVILAN (U HAB),7,IZTAPALAPA
IZ/180206/05736,2018-02-06,GAVILAN (U HAB),IZTAPALAPA,07-196,SAN MIGUEL (BARR),7,IZTAPALAPA
IZ/180208/07907,2018-02-08,GAVILAN (U HAB),IZTAPALAPA,07-081,GAVILAN (U HAB),7,IZTAPALAPA
IZ/180208/07907,2018-02-08,GAVILAN (U HAB),IZTAPALAPA,07-196,SAN MIGUEL (BARR),7,IZTAPALAPA
IZ/180308/06380,2018-03-08,GAVILAN (U HAB),IZTAPALAPA,07-081,GAVILAN (U HAB),7,IZTAPALAPA
IZ/180308/06380,2018-03-08,GAVILAN (U HAB),IZTAPALAPA,07-196,SAN MIGUEL (BARR),7,IZTAPALAPA
IZ/180429/11733,2018-04-29,GAVILAN (U HAB),IZTAPALAPA,07-081,GAVILAN (U HAB),7,IZTAPALAPA
IZ/180429/11733,2018-04-29,GAVILAN (U HAB),IZTAPALAPA,07-196,SAN MIGUEL (BARR),7,IZTAPALAPA
IZ/180803/03369,2018-08-03,PRIVADA GAVILAN (U HAB),IZTAPALAPA,07-163,PRIVADA GAVILAN (U HAB),7,IZTAPALAPA
IZ/180803/03369,2018-08-03,PRIVADA GAVILAN (U HAB),IZTAPALAPA,07-196,SAN MIGUEL (BARR),7,IZTAPALAPA
IZ/180803/03425,2018-08-03,PRIVADA GAVILAN (U HAB),IZTAPALAPA,07-163,PRIVADA GAVILAN (U HAB),7,IZTAPALAPA
IZ/180803/03425,2018-08-03,PRIVADA GAVILAN (U HAB),IZTAPALAPA,07-196,SAN MIGUEL (BARR),7,IZTAPALAPA
IZ/181117/02770,2018-11-17,PRIVADA GAVILAN (U HAB),IZTAPALAPA,07-163,PRIVADA GAVILAN (U HAB),7,IZTAPALAPA
IZ/181117/02770,2018-11-17,PRIVADA GAVILAN (U HAB),IZTAPALAPA,07-196,SAN MIGUEL (BARR),7,IZTAPALAPA
IZ/181122/00717,2018-11-22,GAVILAN (U HAB),IZTAPALAPA,07-081,GAVILAN (U HAB),7,IZTAPALAPA
IZ/181122/00717,2018-11-22,GAVILAN (U HAB),IZTAPALAPA,07-196,SAN MIGUEL (BARR),7,IZTAPALAPA
IZ/190301/00089,2019-03-01,GAVILAN (U HAB),IZTAPALAPA,07-081,GAVILAN (U HAB),7,IZTAPALAPA
IZ/190301/00089,2019-03-01,GAVILAN (U HAB),IZTAPALAPA,07-196,SAN MIGUEL (BARR),7,IZTAPALAPA
IZ/190607/05971,2019-06-07,GAVILAN (U HAB),IZTAPALAPA,07-081,GAVILAN (U HAB),7,IZTAPALAPA
IZ/190607/05971,2019-06-07,GAVILAN (U HAB),IZTAPALAPA,07-196,SAN MIGUEL (BARR),7,IZTAPALAPA
IZ/190920/08774,2019-09-20,PRIVADA GAVILAN (U HAB),IZTAPALAPA,07-163,PRIVADA GAVILAN (U HAB),7,IZTAPALAPA
IZ/190920/08774,2019-09-20,PRIVADA GAVILAN (U HAB),IZTAPALAPA,07-196,SAN MIGUEL (BARR),7,IZTAPALAPA
IZ/190926/05979,2019-09-26,PRIVADA GAVILAN (U HAB),IZTAPALAPA,07-163,PRIVADA GAVILAN (U HAB),7,IZTAPALAPA
IZ/190926/05979,2019-09-26,PRIVADA GAVILAN (U HAB),IZTAPALAPA,07-196,SAN MIGUEL (BARR),7,IZTAPALAPA
IZ/200324/04162,2020-03-24,GAVILAN (U HAB),IZTAPALAPA,07-081,GAVILAN (U HAB),7,IZTAPALAPA
IZ/200324/04162,2020-03-24,GAVILAN (U HAB),IZTAPALAPA,07-196,SAN MIGUEL (BARR),7,IZTAPALAPA
IZ/201215/04232,2020-12-15,PRIVADA GAVILAN (U HAB),IZTAPALAPA,07-163,PRIVADA GAVILAN (U HAB),7,IZTAPALAPA
IZ/201215/04232,2020-12-15,PRIVADA GAVILAN (U HAB),IZTAPALAPA,07-196,SAN MIGUEL (BARR),7,IZTAPALAPA
IZ/210124/08955,2021-01-24,GAVILAN (U HAB),IZTAPALAPA,07-081,GAVILAN (U HAB),7,IZTAPALAPA
IZ/210124/08955,2021-01-24,GAVILAN (U HAB),IZTAPALAPA,07-196,SAN MIGUEL (BARR),7,IZTAPALAPA
