id_colonia,colonia,id_alcaldia,alcaldia,n_fotocivicas_2022
05-225,LINDAVISTA I,5,GUSTAVO A. MADERO,4
15-078,SANTA MARIA LA RIBERA IV,15,CUAUHTEMOC,4
15-042,CENTRO VI,15,CUAUHTEMOC,3
03-012,CAMPESTRE CHURUBUSCO,3,COYOACAN,2
03-019,CHIMALISTAC,3,COYOACAN,2
10-010,ALPES,10,ALVARO OBREGON,2
15-001,ALGARIN,15,CUAUHTEMOC,2
15-009,CUAUHTEMOC,15,CUAUHTEMOC,2
15-051,GUERRERO II,15,CUAUHTEMOC,2
15-053,GUERRERO IV,15,CUAUHTEMOC,2
15-059,NONOALCO-TLATELOLCO (U HAB) I,15,CUAUHTEMOC,2
16-025,DANIEL GARZA (AMPL),16,MIGUEL HIDALGO,2
16-035,IRRIGACION,16,MIGUEL HIDALGO,2
17-045,NICOLAS BRAVO,17,VENUSTIANO CARRANZA,2
02-001,AGUILERA,2,AZCAPOTZALCO,1
02-006,ARENAL,2,AZCAPOTZALCO,1
02-061,PORVENIR,2,AZCAPOTZALCO,1
02-098,SANTO DOMINGO (PBLO),2,AZCAPOTZALCO,1
03-025,COUNTRY CLUB,3,COYOACAN,1
03-106,SANTA CATARINA (BARR),3,COYOACAN,1
03-125,XOTEPINGO,3,COYOACAN,1
05-040,DM NACIONAL,5,GUSTAVO A. MADERO,1
05-071,GUADALUPE INSURGENTES,5,GUSTAVO A. MADERO,1
05-113,LINDAVISTA VALLEJO (U HAB),5,GUSTAVO A. MADERO,1
05-119,MAGDALENA DE LAS SALINAS,5,GUSTAVO A. MADERO,1
05-129,NUEVA INDUSTRIAL VALLEJO (FRACC),5,GUSTAVO A. MADERO,1
05-193,VALLE DEL TEPEYAC,5,GUSTAVO A. MADERO,1
05-223,INDUSTRIAL I,5,GUSTAVO A. MADERO,1
05-246,SAN JUAN DE ARAGON 4A Y 5A SECCION (U HAB) II,5,GUSTAVO A. MADERO,1
06-004,CARLOS ZAPATA VELA,6,IZTACALCO,1
06-019,MILITAR MARTE,6,IZTACALCO,1
06-028,REFORMA IZTACCIHUATL SUR,6,IZTACALCO,1
07-007,AÑO DE JUAREZ,7,IZTAPALAPA,1
07-097,JACARANDAS,7,IZTAPALAPA,1
07-135,LOS REYES (PBLO),7,IZTAPALAPA,1
07-145,MODELO (U),7,IZTAPALAPA,1
07-157,PASEOS DE CHURUBUSCO,7,IZTAPALAPA,1
07-196,SAN MIGUEL (BARR),7,IZTAPALAPA,1
07-245,VICENTE GUERRERO SUPER MANZANA 4 (U HAB),7,IZTAPALAPA,1
07-261,CERRO DE LA ESTRELLA II,7,IZTAPALAPA,1
07-262,CHINAMPAC DE JUAREZ I,7,IZTAPALAPA,1
07-278,JUAN ESCUTIA II,7,IZTAPALAPA,1
07-302,TEPALCATES II,7,IZTAPALAPA,1
07-308,2A AMPLIACION SANTIAGO ACAHUALTEPEC I,7,IZTAPALAPA,1
10-009,ALFONSO XIII,10,ALVARO OBREGON,1
10-139,LOMAS DE SAN ANGEL INN,10,ALVARO OBREGON,1
10-145,LORETO,10,ALVARO OBREGON,1
10-156,MINAS DE CRISTO,10,ALVARO OBREGON,1
10-193,SAN ANGEL INN,10,ALVARO OBREGON,1
10-218,TLACOPAC,10,ALVARO OBREGON,1
13-054,SAN MARCOS (AMPL),13,XOCHIMILCO,1
13-055,SAN MARCOS (BARR),13,XOCHIMILCO,1
14-026,MIXCOAC,14,BENITO JUAREZ,1
14-034,OCHO DE AGOSTO,14,BENITO JUAREZ,1
14-041,SAN JOSE INSURGENTES,14,BENITO JUAREZ,1
14-043,SAN PEDRO DE LOS PINOS,14,BENITO JUAREZ,1
14-059,DEL VALLE VII,14,BENITO JUAREZ,1
14-066,PORTALES I,14,BENITO JUAREZ,1
15-006,BUENOS AIRES,15,CUAUHTEMOC,1
15-013,FELIPE PESCADOR,15,CUAUHTEMOC,1
15-016,HIPODROMO CONDESA,15,CUAUHTEMOC,1
15-017,JUAREZ,15,CUAUHTEMOC,1
15-031,TABACALERA,15,CUAUHTEMOC,1
15-036,BUENAVISTA II,15,CUAUHTEMOC,1
15-040,CENTRO IV,15,CUAUHTEMOC,1
15-044,CENTRO VIII,15,CUAUHTEMOC,1
15-052,GUERRERO III,15,CUAUHTEMOC,1
15-058,MORELOS III,15,CUAUHTEMOC,1
15-061,NONOALCO-TLATELOLCO (U HAB) III,15,CUAUHTEMOC,1
15-066,PERALVILLO I,15,CUAUHTEMOC,1
15-069,ROMA NORTE II,15,CUAUHTEMOC,1
15-075,SANTA MARIA LA RIBERA I,15,CUAUHTEMOC,1
16-003,AMERICA,16,MIGUEL HIDALGO,1
16-009,ANAHUAC LOS MANZANOS,16,MIGUEL HIDALGO,1
16-013,ANZURES,16,MIGUEL HIDALGO,1
16-051,MILITAR 1 K LOMAS DE SOTELO (U HAB),16,MIGUEL HIDALGO,1
16-053,MOLINO DEL REY,16,MIGUEL HIDALGO,1
16-077,TACUBA,16,MIGUEL HIDALGO,1
16-080,TLAXPANA,16,MIGUEL HIDALGO,1
16-093,POPOTLA II,16,MIGUEL HIDALGO,1
16-094,SAN MIGUEL CHAPULTEPEC I,16,MIGUEL HIDALGO,1
17-023,EL PARQUE,17,VENUSTIANO CARRANZA,1
17-027,FELIPE ANGELES,17,VENUSTIANO CARRANZA,1
17-030,INDUSTRIAL PUERTO AEREO (FRACC),17,VENUSTIANO CARRANZA,1
17-036,MAGDALENA MIXHUCA,17,VENUSTIANO CARRANZA,1
17-047,PEÑON DE LOS BAÑOS,17,VENUSTIANO CARRANZA,1
17-053,PUEBLA,17,VENUSTIANO CARRANZA,1
17-058,SIMON BOLIVAR,17,VENUSTIANO CARRANZA,1
17-061,VALLE GOMEZ,17,VENUSTIANO CARRANZA,1
17-074,IGNACIO ZARAGOZA I,17,VENUSTIANO CARRANZA,1
17-076,JARDIN BALBUENA I,17,VENUSTIANO CARRANZA,1
17-079,MOCTEZUMA 2A SECCION I,17,VENUSTIANO CARRANZA,1
