term,estimate,std.error,statistic,p.value,conf.low,conf.high,tiempo_evento,escenario,evento,buffer_m,outcome
fixest::tiempo_evento::-12:tratada,6.930706691630663,1.1201198334007731,6.187468951949976,7.539781369632292e-10,4.733845544935921,9.127567838325405,-12,2021-02-01 | n_incidentes | 250m,2021-02,250,n_incidentes
fixest::tiempo_evento::-11:tratada,3.6875605392406623,0.8684259401872433,4.246257934724496,2.2837544399464183e-5,1.984339910616545,5.3907811678647795,-11,2021-02-01 | n_incidentes | 250m,2021-02,250,n_incidentes
fixest::tiempo_evento::-10:tratada,-3.979205026442975,0.6775782038182456,-5.872687468427425,5.0889194971053585e-9,-5.3081210811620245,-2.650288971723925,-10,2021-02-01 | n_incidentes | 250m,2021-02,250,n_incidentes
fixest::tiempo_evento::-9:tratada,-3.981334264193256,0.7055824677126401,-5.642620737303693,1.9395688101389497e-8,-5.365174334590697,-2.597494193795815,-9,2021-02-01 | n_incidentes | 250m,2021-02,250,n_incidentes
fixest::tiempo_evento::-8:tratada,-2.6286138139125903,0.6303674784466361,-4.169970539073608,3.1901433601313144e-5,-3.864936732447919,-1.3922908953772617,-8,2021-02-01 | n_incidentes | 250m,2021-02,250,n_incidentes
fixest::tiempo_evento::-7:tratada,-0.05076719466073798,0.6554353011785257,-0.07745569176615062,0.9382695849214169,-1.3362549651608076,1.2347205758393316,-7,2021-02-01 | n_incidentes | 250m,2021-02,250,n_incidentes
fixest::tiempo_evento::-6:tratada,-0.9248629230951639,0.665387992671722,-1.3899603438612955,0.1647115525146157,-2.22987064190296,0.38014479571263204,-6,2021-02-01 | n_incidentes | 250m,2021-02,250,n_incidentes
fixest::tiempo_evento::-5:tratada,0.05302732807873223,0.7273039601751402,0.07290944499458363,0.9418862203030308,-1.3734145259994874,1.4794691821569517,-5,2021-02-01 | n_incidentes | 250m,2021-02,250,n_incidentes
fixest::tiempo_evento::-4:tratada,1.9014703956926438,0.7181485493847134,2.6477396596035216,0.008173418470119698,0.4929848045496614,3.309955986835626,-4,2021-02-01 | n_incidentes | 250m,2021-02,250,n_incidentes
fixest::tiempo_evento::-3:tratada,1.6746134938500559,0.7135173775423462,2.346983474485413,0.019033181644210712,0.2752108964911171,3.0740160912089944,-3,2021-02-01 | n_incidentes | 250m,2021-02,250,n_incidentes
fixest::tiempo_evento::-2:tratada,1.4317465857535552,0.6833598750324548,2.0951575268968745,0.03629542077275634,0.09149109352548779,2.7720020779816226,-2,2021-02-01 | n_incidentes | 250m,2021-02,250,n_incidentes
NA,0,NA,NA,NA,0,0,-1,2021-02-01 | n_incidentes | 250m,2021-02,250,n_incidentes
fixest::tiempo_evento::0:tratada,0.9958927817774715,0.6763937744593128,1.4723565168433963,0.14109819600294005,-0.33070028323810663,2.32248584679305,0,2021-02-01 | n_incidentes | 250m,2021-02,250,n_incidentes
fixest::tiempo_evento::1:tratada,2.7272859490176673,0.7975166430213347,3.419722927267749,6.407369911628114e-4,1.1631378332069888,4.291434064828346,1,2021-02-01 | n_incidentes | 250m,2021-02,250,n_incidentes
fixest::tiempo_evento::2:tratada,1.4499876375737104,0.813305835509502,1.782831960950279,0.07478093507202957,-0.14512740023997162,3.045102675387392,2,2021-02-01 | n_incidentes | 250m,2021-02,250,n_incidentes
fixest::tiempo_evento::3:tratada,2.826219875745065,0.8548676171920112,3.306032207686573,9.647461369777715e-4,1.1495908243025883,4.502848927187541,3,2021-02-01 | n_incidentes | 250m,2021-02,250,n_incidentes
fixest::tiempo_evento::4:tratada,4.393836263893766,0.9566461366131417,4.592958770992863,4.670901823475849e-6,2.51759171755772,6.270080810229812,4,2021-02-01 | n_incidentes | 250m,2021-02,250,n_incidentes
fixest::tiempo_evento::5:tratada,2.7975420683945647,0.8855045189084993,3.159263457901833,0.0016077698153043722,1.0608256789467294,4.5342584578424,5,2021-02-01 | n_incidentes | 250m,2021-02,250,n_incidentes
fixest::tiempo_evento::6:tratada,2.8704830053173094,0.8852664873740794,3.2425072520613267,0.0012063486414302651,1.1342334607677274,4.606732549866892,6,2021-02-01 | n_incidentes | 250m,2021-02,250,n_incidentes
fixest::tiempo_evento::7:tratada,4.5119362391689295,0.9843042319184458,4.583883816464953,4.8759493528311075e-6,2.5814466083731897,6.442425869964669,7,2021-02-01 | n_incidentes | 250m,2021-02,250,n_incidentes
fixest::tiempo_evento::8:tratada,5.932850473355255,1.0928558250609788,5.428758613263754,6.43959199691535e-8,3.7894614988682034,8.076239447842307,8,2021-02-01 | n_incidentes | 250m,2021-02,250,n_incidentes
fixest::tiempo_evento::9:tratada,5.211070872733155,0.993988256651718,5.242587966065936,1.768470334663701e-7,3.2615882225784376,7.160553522887874,9,2021-02-01 | n_incidentes | 250m,2021-02,250,n_incidentes
fixest::tiempo_evento::10:tratada,8.707907558450538,1.154903587893473,7.539943290273807,7.387739923756968e-14,6.442825962030182,10.972989154870895,10,2021-02-01 | n_incidentes | 250m,2021-02,250,n_incidentes
fixest::tiempo_evento::11:tratada,1.2602673181881492,0.8485915061358532,1.4851283675073572,0.1376836691937474,-0.4040525640739603,2.924587200450259,11,2021-02-01 | n_incidentes | 250m,2021-02,250,n_incidentes
fixest::tiempo_evento::12:tratada,3.0409761914655338,0.9042684656597423,3.3629130141643033,7.872941242355759e-4,1.2674585738390116,4.814493809092056,12,2021-02-01 | n_incidentes | 250m,2021-02,250,n_incidentes
fixest::tiempo_evento::-12:tratada,0.14172229736438388,0.0664284482314185,2.1334578954887258,0.03302109189062706,0.011437954026083358,0.27200664070268443,-12,2021-02-01 | n_victimas | 250m,2021-02,250,n_victimas
fixest::tiempo_evento::-11:tratada,0.18151170062511673,0.06929677551352402,2.619338335442358,0.00888351663854477,0.04560178350965091,0.31742161774058253,-11,2021-02-01 | n_victimas | 250m,2021-02,250,n_victimas
fixest::tiempo_evento::-10:tratada,0.0021117849802690727,0.0645050326916887,0.03273829796138016,0.9738868865280259,-0.1244002147728345,0.12862378473337263,-10,2021-02-01 | n_victimas | 250m,2021-02,250,n_victimas
fixest::tiempo_evento::-9:tratada,-0.016687755430155982,0.057812170080655874,-0.2886547141695993,0.7728786193742752,-0.13007322229641335,0.0966977114361014,-9,2021-02-01 | n_victimas | 250m,2021-02,250,n_victimas
fixest::tiempo_evento::-8:tratada,0.026696918130335076,0.06323598193162665,0.4221792295279116,0.6729442588406849,-0.0973261262227919,0.15071996248346203,-8,2021-02-01 | n_victimas | 250m,2021-02,250,n_victimas
fixest::tiempo_evento::-7:tratada,0.12421426181892142,0.076246800046208,1.629107867394351,0.10346391276418766,-0.025326552999759888,0.27375507663760273,-7,2021-02-01 | n_victimas | 250m,2021-02,250,n_victimas
fixest::tiempo_evento::-6:tratada,0.04615966374167953,0.07032770377516488,0.656351071680803,0.5116815567514709,-0.09177218547024087,0.18409151295359993,-6,2021-02-01 | n_victimas | 250m,2021-02,250,n_victimas
fixest::tiempo_evento::-5:tratada,0.0034003810504829035,0.06477700322349815,0.05249364560368239,0.9581411414629462,-0.12364502725102935,0.13044578935199516,-5,2021-02-01 | n_victimas | 250m,2021-02,250,n_victimas
fixest::tiempo_evento::-4:tratada,0.09419550009285764,0.06756595326464741,1.3941267094080003,0.16345017269107368,-0.03831980152075824,0.2267108017064735,-4,2021-02-01 | n_victimas | 250m,2021-02,250,n_victimas
fixest::tiempo_evento::-3:tratada,0.1482118184313284,0.07624960124451748,1.9437717183076442,0.05207752655552907,-0.0013344903028669197,0.29775812716552374,-3,2021-02-01 | n_victimas | 250m,2021-02,250,n_victimas
fixest::tiempo_evento::-2:tratada,0.039905755048748714,0.0685680231203461,0.5819878309559654,0.5606472366946664,-0.09457487943963183,0.17438638953712926,-2,2021-02-01 | n_victimas | 250m,2021-02,250,n_victimas
NA,0,NA,NA,NA,0,0,-1,2021-02-01 | n_victimas | 250m,2021-02,250,n_victimas
fixest::tiempo_evento::0:tratada,0.0467065171529684,0.0667864358796351,0.699341363823405,0.4844284328839592,-0.08427993780938578,0.17769297211532256,0,2021-02-01 | n_victimas | 250m,2021-02,250,n_victimas
fixest::tiempo_evento::1:tratada,0.0011722442789567841,0.06520515170535139,0.017977786237718053,0.985658552709574,-0.12671288021787008,0.12905736877578367,1,2021-02-01 | n_victimas | 250m,2021-02,250,n_victimas
fixest::tiempo_evento::2:tratada,0.1250723562674861,0.07410029443735981,1.6878793426821697,0.09160638685758736,-0.020258574365032672,0.2704032869000049,2,2021-02-01 | n_victimas | 250m,2021-02,250,n_victimas
fixest::tiempo_evento::3:tratada,0.19312070043603816,0.07781933999162932,2.4816543092862426,0.013167416495360146,0.04049570497461885,0.34574569589745746,3,2021-02-01 | n_victimas | 250m,2021-02,250,n_victimas
fixest::tiempo_evento::4:tratada,0.10420175400154932,0.06974517790133256,1.4940352456905617,0.1353404202718232,-0.03258760275464759,0.24099111075774624,4,2021-02-01 | n_victimas | 250m,2021-02,250,n_victimas
fixest::tiempo_evento::5:tratada,-0.04604331195529101,0.0725777871115333,-0.6343995013864826,0.5259001736813498,-0.188388189587113,0.09630156567653098,5,2021-02-01 | n_victimas | 250m,2021-02,250,n_victimas
fixest::tiempo_evento::6:tratada,0.06097415535707227,0.061585659017849216,0.990070680893425,0.322271687244466,-0.059812154692573706,0.18176046540671825,6,2021-02-01 | n_victimas | 250m,2021-02,250,n_victimas
fixest::tiempo_evento::7:tratada,0.01762729612821557,0.06886012803293678,0.2559869787024529,0.7979899324306471,-0.11742623593245494,0.15268082818888606,7,2021-02-01 | n_victimas | 250m,2021-02,250,n_victimas
fixest::tiempo_evento::8:tratada,0.1172564247986958,0.06561471864051714,1.7870445416539493,0.07409730222591349,-0.011431972401645951,0.24594482199903756,8,2021-02-01 | n_victimas | 250m,2021-02,250,n_victimas
fixest::tiempo_evento::9:tratada,0.043852989512148624,0.07320159530505138,0.599071500141507,0.5492000524026677,-0.0997153464876669,0.18742132551196417,9,2021-02-01 | n_victimas | 250m,2021-02,250,n_victimas
fixest::tiempo_evento::10:tratada,0.13195165582970825,0.07140587012069156,1.847910481402734,0.06477807474370215,-0.008094772272374484,0.271998083931791,10,2021-02-01 | n_victimas | 250m,2021-02,250,n_victimas
fixest::tiempo_evento::11:tratada,0.05557834111270567,0.07382713073163756,0.7528172984906261,0.4516574462582491,-0.08921684083124075,0.20037352305665207,11,2021-02-01 | n_victimas | 250m,2021-02,250,n_victimas
fixest::tiempo_evento::12:tratada,0.031150282878648183,0.06688428161105844,0.4657339830573569,0.641461866840105,-0.10002807430641839,0.16232864006371475,12,2021-02-01 | n_victimas | 250m,2021-02,250,n_victimas
fixest::tiempo_evento::-12:tratada,6.038271838018311,0.8867260873063737,6.809624668155298,1.3262556552238572e-11,4.299159619060723,7.777384056975898,-12,2021-02-01 | n_incidentes | 500m,2021-02,500,n_incidentes
fixest::tiempo_evento::-11:tratada,2.650551488740335,0.6614869739625274,4.006959461140479,6.399347527087983e-5,1.3531947338555146,3.9479082436251556,-11,2021-02-01 | n_incidentes | 500m,2021-02,500,n_incidentes
fixest::tiempo_evento::-10:tratada,-3.734321143636787,0.5293189278273767,-7.054954862401287,2.4474168836914314e-12,-4.77246023561555,-2.696182051658024,-10,2021-02-01 | n_incidentes | 500m,2021-02,500,n_incidentes
fixest::tiempo_evento::-9:tratada,-3.549071824790893,0.551946480713431,-6.430101375414985,1.6265462373395634e-10,-4.6315897325872735,-2.4665539169945125,-9,2021-02-01 | n_incidentes | 500m,2021-02,500,n_incidentes
fixest::tiempo_evento::-8:tratada,-2.6108065521645627,0.49598939501785955,-5.263835433559125,1.578440803775411e-7,-3.583577320609215,-1.6380357837199102,-8,2021-02-01 | n_incidentes | 500m,2021-02,500,n_incidentes
fixest::tiempo_evento::-7:tratada,-0.35442586083285776,0.5137329191900252,-0.6899029585093783,0.49034351243850216,-1.3619965298746837,0.6531448082089683,-7,2021-02-01 | n_incidentes | 500m,2021-02,500,n_incidentes
fixest::tiempo_evento::-6:tratada,-0.5236926763140447,0.5505521770484305,-0.9512135237056323,0.34162278237966937,-1.6034759735294895,0.5560906209014002,-6,2021-02-01 | n_incidentes | 500m,2021-02,500,n_incidentes
fixest::tiempo_evento::-5:tratada,0.07038866826822388,0.5853708872247675,0.12024627429275693,0.9043013855987444,-1.0776836363226052,1.2184609728590527,-5,2021-02-01 | n_incidentes | 500m,2021-02,500,n_incidentes
fixest::tiempo_evento::-4:tratada,1.6392878246226532,0.5695890244246117,2.87801863155392,0.00404868574035891,0.5221680665132724,2.756407582732034,-4,2021-02-01 | n_incidentes | 500m,2021-02,500,n_incidentes
fixest::tiempo_evento::-3:tratada,1.6836572235656626,0.5752476159581887,2.9268391156410067,0.0034669021835368554,0.5554394208413682,2.811875026289957,-3,2021-02-01 | n_incidentes | 500m,2021-02,500,n_incidentes
fixest::tiempo_evento::-2:tratada,1.0230238322381253,0.5474440099418656,1.8687277852337132,0.061821842912363374,-0.05066349975088813,2.0967111642271385,-2,2021-02-01 | n_incidentes | 500m,2021-02,500,n_incidentes
NA,0,NA,NA,NA,0,0,-1,2021-02-01 | n_incidentes | 500m,2021-02,500,n_incidentes
fixest::tiempo_evento::0:tratada,1.0755875981180698,0.5348124740103498,2.0111490482872596,0.044457484850960745,0.02667416056745342,2.124501035668686,0,2021-02-01 | n_incidentes | 500m,2021-02,500,n_incidentes
fixest::tiempo_evento::1:tratada,2.900662278879333,0.6470399766145896,4.482972279481144,7.821701299106234e-6,1.631640034476063,4.169684523282603,1,2021-02-01 | n_incidentes | 500m,2021-02,500,n_incidentes
fixest::tiempo_evento::2:tratada,1.0044480189564342,0.6476366411682924,1.5509437778944661,0.12108969101158483,-0.26574444771819783,2.2746404856310662,2,2021-02-01 | n_incidentes | 500m,2021-02,500,n_incidentes
fixest::tiempo_evento::3:tratada,1.6196246266447716,0.6510578380567492,2.4876816343674792,0.01294713778772842,0.34272225778349164,2.8965269955060515,3,2021-02-01 | n_incidentes | 500m,2021-02,500,n_incidentes
fixest::tiempo_evento::4:tratada,3.6020910613370916,0.7520116210752511,4.789940687600947,1.8039449581842873e-6,2.1271907310864018,5.076991391587781,4,2021-02-01 | n_incidentes | 500m,2021-02,500,n_incidentes
fixest::tiempo_evento::5:tratada,2.3952212520596254,0.6914355458700661,3.464128025187952,5.443232937091964e-4,1.039127162060478,3.751315342058773,5,2021-02-01 | n_incidentes | 500m,2021-02,500,n_incidentes
fixest::tiempo_evento::6:tratada,1.8918729278627986,0.6771437065057004,2.793901663245942,0.00526239880791126,0.5638090411313257,3.2199368145942717,6,2021-02-01 | n_incidentes | 500m,2021-02,500,n_incidentes
fixest::tiempo_evento::7:tratada,3.8485786036016307,0.7637365877461846,5.039143947468761,5.141913069236989e-7,2.350682409017872,5.3464747981853895,7,2021-02-01 | n_incidentes | 500m,2021-02,500,n_incidentes
fixest::tiempo_evento::8:tratada,5.387531595756894,0.8657549984016734,6.2229286642331445,6.046036384208192e-10,3.689549414001436,7.085513777512351,8,2021-02-01 | n_incidentes | 500m,2021-02,500,n_incidentes
fixest::tiempo_evento::9:tratada,4.1454592456922015,0.8184008347845005,5.065316492234242,4.491855952691187e-7,2.540351521724843,5.75056696965956,9,2021-02-01 | n_incidentes | 500m,2021-02,500,n_incidentes
fixest::tiempo_evento::10:tratada,7.31974034079283,0.8916701878115882,8.209022170806843,4.1837528265234405e-16,5.570931389413067,9.068549292172593,10,2021-02-01 | n_incidentes | 500m,2021-02,500,n_incidentes
fixest::tiempo_evento::11:tratada,0.5623871582399268,0.6367442255207021,0.8832230206407145,0.37723288284739476,-0.6864423042129245,1.811216620692778,11,2021-02-01 | n_incidentes | 500m,2021-02,500,n_incidentes
fixest::tiempo_evento::12:tratada,2.519843744919881,0.7184988187025484,3.50709518140916,4.640618060483726e-4,1.110671179908313,3.9290163099314492,12,2021-02-01 | n_incidentes | 500m,2021-02,500,n_incidentes
fixest::tiempo_evento::-12:tratada,0.14143797393777266,0.05459339121475682,2.590752667871297,0.009653418392889824,0.03436541219062833,0.248510535684917,-12,2021-02-01 | n_victimas | 500m,2021-02,500,n_victimas
fixest::tiempo_evento::-11:tratada,0.13902110757529307,0.051396605161409335,2.704869458570306,0.006897060650368348,0.03821831703072859,0.23982389811985755,-11,2021-02-01 | n_victimas | 500m,2021-02,500,n_victimas
fixest::tiempo_evento::-10:tratada,0.03261743754930718,0.05509506233095301,0.5920210663049263,0.5539102997484548,-0.07543903837445191,0.1406739134730663,-10,2021-02-01 | n_victimas | 500m,2021-02,500,n_victimas
fixest::tiempo_evento::-9:tratada,0.007472179367240898,0.04764301158430616,0.1568368396279607,0.8753909010160963,-0.08596878823291144,0.10091314696739324,-9,2021-02-01 | n_victimas | 500m,2021-02,500,n_victimas
fixest::tiempo_evento::-8:tratada,0.05320388668433308,0.0498046822546678,1.0682507000503292,0.2855496543992492,-0.04447670793255465,0.1508844813012208,-8,2021-02-01 | n_victimas | 500m,2021-02,500,n_victimas
fixest::tiempo_evento::-7:tratada,0.09434806158505396,0.06313485760687404,1.494389393772569,0.13524789127114759,-0.02947665032773021,0.21817277349783815,-7,2021-02-01 | n_victimas | 500m,2021-02,500,n_victimas
fixest::tiempo_evento::-6:tratada,0.031874733285112124,0.05390924224227397,0.5912665798911367,0.5544155264132373,-0.07385602533402622,0.13760549190425045,-6,2021-02-01 | n_victimas | 500m,2021-02,500,n_victimas
fixest::tiempo_evento::-5:tratada,0.0165897974613334,0.05223167796528114,0.3176194621271939,0.7508101850157243,-0.08585079909539461,0.1190303940180614,-5,2021-02-01 | n_victimas | 500m,2021-02,500,n_victimas
fixest::tiempo_evento::-4:tratada,0.11415077307114219,0.053231224764959416,2.144432587737195,0.0321308317100918,0.009749792042112265,0.2185517541001721,-4,2021-02-01 | n_victimas | 500m,2021-02,500,n_victimas
fixest::tiempo_evento::-3:tratada,0.12666185208502417,0.05844478998616827,2.1672051882640075,0.030349033389050612,0.01203564467511764,0.2412880594949307,-3,2021-02-01 | n_victimas | 500m,2021-02,500,n_victimas
fixest::tiempo_evento::-2:tratada,0.0474756261715774,0.055276387442508,0.8588771511335824,0.3905218353687512,-0.06093647785608361,0.1558877301992384,-2,2021-02-01 | n_victimas | 500m,2021-02,500,n_victimas
NA,0,NA,NA,NA,0,0,-1,2021-02-01 | n_victimas | 500m,2021-02,500,n_victimas
fixest::tiempo_evento::0:tratada,0.06576830909841591,0.05007430940403451,1.313414201437133,0.1892096050058426,-0.03244109805341233,0.16397771625024415,0,2021-02-01 | n_victimas | 500m,2021-02,500,n_victimas
fixest::tiempo_evento::1:tratada,0.03456652332549165,0.05435826946133021,0.6359018355078768,0.5249206670917332,-0.07204490039923464,0.14117794705021794,1,2021-02-01 | n_victimas | 500m,2021-02,500,n_victimas
fixest::tiempo_evento::2:tratada,0.14642353018633372,0.05895452828061261,2.4836689302199977,0.01309342254286765,0.03079758665833049,0.26204947371433696,2,2021-02-01 | n_victimas | 500m,2021-02,500,n_victimas
fixest::tiempo_evento::3:tratada,0.11997341036883792,0.057546814121121365,2.0847967381187167,0.037227381559028126,0.007108379066849926,0.2328384416708259,3,2021-02-01 | n_victimas | 500m,2021-02,500,n_victimas
fixest::tiempo_evento::4:tratada,0.11375274923894206,0.05826801458990784,1.9522331426518917,0.05106426205463255,-5.267533022924875e-4,0.2280322517801766,4,2021-02-01 | n_victimas | 500m,2021-02,500,n_victimas
fixest::tiempo_evento::5:tratada,-0.03408643271957683,0.05830544651976906,-0.5846183290615822,0.5588771214037934,-0.14843934950623927,0.0802664840670856,5,2021-02-01 | n_victimas | 500m,2021-02,500,n_victimas
fixest::tiempo_evento::6:tratada,0.08717952926715707,0.05368694767008113,1.6238496143028227,0.10458174354095245,-0.01811524893791351,0.19247430747222766,6,2021-02-01 | n_victimas | 500m,2021-02,500,n_victimas
fixest::tiempo_evento::7:tratada,0.03151774283768895,0.054799011779126945,0.5751516644994339,0.5652600975402495,-0.0759580970368096,0.13899358271218748,7,2021-02-01 | n_victimas | 500m,2021-02,500,n_victimas
fixest::tiempo_evento::8:tratada,0.0866707152961068,0.05220913818642189,1.6600679173564177,0.09707372186187696,-0.015725674593660727,0.18906710518587433,8,2021-02-01 | n_victimas | 500m,2021-02,500,n_victimas
fixest::tiempo_evento::9:tratada,0.07562863145669114,0.058695555358406364,1.2884899204869629,0.19773987692225828,-0.03948939538786797,0.19074665830125026,9,2021-02-01 | n_victimas | 500m,2021-02,500,n_victimas
fixest::tiempo_evento::10:tratada,0.1389390408057727,0.06864671955310211,2.023972036978337,0.043119431192834255,0.00430406110329104,0.2735740205082544,10,2021-02-01 | n_victimas | 500m,2021-02,500,n_victimas
fixest::tiempo_evento::11:tratada,0.05436923481156977,0.05655198338261489,0.9614027936690168,0.336477881604465,-0.05654466150307749,0.16528313112621704,11,2021-02-01 | n_victimas | 500m,2021-02,500,n_victimas
fixest::tiempo_evento::12:tratada,0.08643682500296393,0.05918706525823195,1.4604005896531926,0.14435327366084771,-0.029645187095623193,0.20251883710155105,12,2021-02-01 | n_victimas | 500m,2021-02,500,n_victimas
fixest::tiempo_evento::-12:tratada,4.3166251245970235,0.5970733568884726,7.229639498724653,7.107880316736954e-13,3.145601078453227,5.48764917074082,-12,2021-02-01 | n_incidentes | 1000m,2021-02,1000,n_incidentes
fixest::tiempo_evento::-11:tratada,1.9080702337142834,0.45005834523828164,4.239606384154621,2.3517944530852625e-5,1.0253828078538827,2.790757659574684,-11,2021-02-01 | n_incidentes | 1000m,2021-02,1000,n_incidentes
fixest::tiempo_evento::-10:tratada,-2.864819430625708,0.37440750480539764,-7.651607924137977,3.202799631273136e-14,-3.599134881358031,-2.1305039798933856,-10,2021-02-01 | n_incidentes | 1000m,2021-02,1000,n_incidentes
fixest::tiempo_evento::-9:tratada,-2.9753794173322317,0.3858542189304818,-7.71114911113178,2.0417721891125037e-14,-3.73214500310267,-2.218613831561793,-9,2021-02-01 | n_incidentes | 1000m,2021-02,1000,n_incidentes
fixest::tiempo_evento::-8:tratada,-2.2883433034516942,0.3531936854108837,-6.479004008210331,1.1862825761038935e-10,-2.981052656147779,-1.5956339507556097,-8,2021-02-01 | n_incidentes | 1000m,2021-02,1000,n_incidentes
fixest::tiempo_evento::-7:tratada,-0.7256092832900991,0.3642586894127411,-1.9920164003772387,0.046519022920301425,-1.4400201331428768,-0.011198433437321409,-7,2021-02-01 | n_incidentes | 1000m,2021-02,1000,n_incidentes
fixest::tiempo_evento::-6:tratada,-0.4543508364085438,0.38269162598597983,-1.1872505316465671,0.2352843448355336,-1.2049137130085774,0.29621204019148994,-6,2021-02-01 | n_incidentes | 1000m,2021-02,1000,n_incidentes
fixest::tiempo_evento::-5:tratada,-0.25178353830288547,0.396602058601947,-0.634851818950315,0.5256051688609492,-1.0296285752901282,0.5260614986843571,-5,2021-02-01 | n_incidentes | 1000m,2021-02,1000,n_incidentes
fixest::tiempo_evento::-4:tratada,1.4465520106058554,0.4026094376363327,3.5929411369449578,3.356915676514682e-4,0.6569248613833153,2.2361791598283953,-4,2021-02-01 | n_incidentes | 1000m,2021-02,1000,n_incidentes
fixest::tiempo_evento::-3:tratada,0.8283759831327563,0.4014172826690963,2.063628096988585,0.03919502743695165,0.04108697564314967,1.615664990622363,-3,2021-02-01 | n_incidentes | 1000m,2021-02,1000,n_incidentes
fixest::tiempo_evento::-2:tratada,0.5359283261038642,0.37887886353261957,1.4145110157556293,0.1573836262260145,-0.20715668121326147,1.2790133334209899,-2,2021-02-01 | n_incidentes | 1000m,2021-02,1000,n_incidentes
NA,0,NA,NA,NA,0,0,-1,2021-02-01 | n_incidentes | 1000m,2021-02,1000,n_incidentes
fixest::tiempo_evento::0:tratada,0.5684058934019653,0.37056048708528344,1.5339085337265015,0.12522663230000383,-0.15836450410662672,1.2951762909105575,0,2021-02-01 | n_incidentes | 1000m,2021-02,1000,n_incidentes
fixest::tiempo_evento::1:tratada,1.9562229976447094,0.4453737194468012,4.392317984263944,1.1862676155061797e-5,1.0827234033727038,2.829722591916715,1,2021-02-01 | n_incidentes | 1000m,2021-02,1000,n_incidentes
fixest::tiempo_evento::2:tratada,0.5664174143945425,0.4507055052390146,1.2567350693756547,0.2090114744393726,-0.3175392691103628,1.4503740978994477,2,2021-02-01 | n_incidentes | 1000m,2021-02,1000,n_incidentes
fixest::tiempo_evento::3:tratada,1.7264982829000686,0.5020024639030768,3.4392227270689433,5.965903826454512e-4,0.7419342428674767,2.7110623229326603,3,2021-02-01 | n_incidentes | 1000m,2021-02,1000,n_incidentes
fixest::tiempo_evento::4:tratada,2.2889165835536156,0.513174084594781,4.460312109020507,8.68610754203082e-6,1.282441941894854,3.295391225212377,4,2021-02-01 | n_incidentes | 1000m,2021-02,1000,n_incidentes
fixest::tiempo_evento::5:tratada,1.4758142239657568,0.4856747817141981,3.0386881912147947,0.0024100542516525174,0.523273231420347,2.4283552165111666,5,2021-02-01 | n_incidentes | 1000m,2021-02,1000,n_incidentes
fixest::tiempo_evento::6:tratada,1.3835853550170658,0.4762226637022248,2.905332863120941,0.0037130998814194557,0.4495825493649578,2.3175881606691737,6,2021-02-01 | n_incidentes | 1000m,2021-02,1000,n_incidentes
fixest::tiempo_evento::7:tratada,2.380810346708603,0.5163148398077184,4.611160019330926,4.284284314631191e-6,1.3681758256397671,3.393444867777439,7,2021-02-01 | n_incidentes | 1000m,2021-02,1000,n_incidentes
fixest::tiempo_evento::8:tratada,4.229926885979583,0.5820402991099731,7.267412398158298,5.420753068826569e-13,3.088386775004879,5.371466996954287,8,2021-02-01 | n_incidentes | 1000m,2021-02,1000,n_incidentes
fixest::tiempo_evento::9:tratada,3.4691564196009748,0.5674634572143268,6.113444620083615,1.1910206704763466e-9,2.356205479755249,4.5821073594467006,9,2021-02-01 | n_incidentes | 1000m,2021-02,1000,n_incidentes
fixest::tiempo_evento::10:tratada,5.073684502020319,0.5966988155999042,8.502923701833359,3.80428400511407e-17,3.90339503371378,6.2439739703268575,10,2021-02-01 | n_incidentes | 1000m,2021-02,1000,n_incidentes
fixest::tiempo_evento::11:tratada,0.46741719283699745,0.46007712352337865,1.0159539975763343,0.3097868506953295,-0.4349197955930213,1.3697541812670162,11,2021-02-01 | n_incidentes | 1000m,2021-02,1000,n_incidentes
fixest::tiempo_evento::12:tratada,1.9922122521035492,0.4848249992051568,4.109136813014322,4.148448594888432e-5,1.0413379153226263,2.943086588884472,12,2021-02-01 | n_incidentes | 1000m,2021-02,1000,n_incidentes
fixest::tiempo_evento::-12:tratada,0.08145286363053034,0.039589083344247586,2.0574576815092054,0.03978494996003196,0.003807850624926848,0.15909787663613384,-12,2021-02-01 | n_victimas | 1000m,2021-02,1000,n_victimas
fixest::tiempo_evento::-11:tratada,0.07197850891689299,0.03903120834028439,1.8441270966905592,0.06532768765243376,-0.004572358726425488,0.14852937656021148,-11,2021-02-01 | n_victimas | 1000m,2021-02,1000,n_victimas
fixest::tiempo_evento::-10:tratada,0.00643901628368258,0.03935554235549945,0.1636114228974107,0.8700552875346954,-0.07074795901109512,0.08362599157846029,-10,2021-02-01 | n_victimas | 1000m,2021-02,1000,n_victimas
fixest::tiempo_evento::-9:tratada,-0.015082530188012332,0.035068154332631135,-0.43009193027241654,0.6671798853137809,-0.08386076573246568,0.053695705356441005,-9,2021-02-01 | n_victimas | 1000m,2021-02,1000,n_victimas
fixest::tiempo_evento::-8:tratada,-0.012265979839060557,0.03552220441686267,-0.34530457893648625,0.7299054619286489,-0.08193473170057015,0.05740277202244905,-8,2021-02-01 | n_victimas | 1000m,2021-02,1000,n_victimas
fixest::tiempo_evento::-7:tratada,0.018156641186750293,0.04285247006602149,0.42370115792104657,0.6718340315463321,-0.06588876513564532,0.10220204750914591,-7,2021-02-01 | n_victimas | 1000m,2021-02,1000,n_victimas
fixest::tiempo_evento::-6:tratada,0.05732247701260765,0.04001043975097812,1.4326880026657618,0.15211941781191404,-0.02114893107257125,0.13579388509778656,-6,2021-02-01 | n_victimas | 1000m,2021-02,1000,n_victimas
fixest::tiempo_evento::-5:tratada,-0.00245098039295253,0.03950783831401544,-0.06203782584791642,0.9505395475222002,-0.07993664968821643,0.07503468890231138,-5,2021-02-01 | n_victimas | 1000m,2021-02,1000,n_victimas
fixest::tiempo_evento::-4:tratada,0.07690539492553454,0.038191560839056574,2.013675095648023,0.04419115808048953,0.002001305526260183,0.1518094843248089,-4,2021-02-01 | n_victimas | 1000m,2021-02,1000,n_victimas
fixest::tiempo_evento::-3:tratada,0.06849174698047708,0.04080031005456681,1.6787065316139858,0.09338157874124256,-0.011528812658972265,0.14851230661992643,-3,2021-02-01 | n_victimas | 1000m,2021-02,1000,n_victimas
fixest::tiempo_evento::-2:tratada,0.0064500941611610255,0.03970473120092024,0.16245152570159022,0.8709684013121141,-0.07142173590048131,0.08432192422280335,-2,2021-02-01 | n_victimas | 1000m,2021-02,1000,n_victimas
NA,0,NA,NA,NA,0,0,-1,2021-02-01 | n_victimas | 1000m,2021-02,1000,n_victimas
fixest::tiempo_evento::0:tratada,0.04173867286947827,0.03881825015088063,1.0752332397067461,0.2824133865542368,-0.03439452555826068,0.11787187129721723,0,2021-02-01 | n_victimas | 1000m,2021-02,1000,n_victimas
fixest::tiempo_evento::1:tratada,0.012864185221313502,0.038365376468149436,0.33530715466830424,0.7374321899999805,-0.06238080413424776,0.08810917457687475,1,2021-02-01 | n_victimas | 1000m,2021-02,1000,n_victimas
fixest::tiempo_evento::2:tratada,0.08096543702146573,0.04184478727150334,1.9348989993935013,0.05315806765437923,-0.0011036279190005799,0.16303450196193203,2,2021-02-01 | n_victimas | 1000m,2021-02,1000,n_victimas
fixest::tiempo_evento::3:tratada,0.04631106679880108,0.040222169528687284,1.1513816221616555,0.2497270877978912,-0.032575601250872305,0.12519773484847446,3,2021-02-01 | n_victimas | 1000m,2021-02,1000,n_victimas
fixest::tiempo_evento::4:tratada,0.04225102470286664,0.04070112401383349,1.0380800463521933,0.29937121561565516,-0.03757500400097741,0.12207705340671068,4,2021-02-01 | n_victimas | 1000m,2021-02,1000,n_victimas
fixest::tiempo_evento::5:tratada,-0.02632657582886372,0.043217327288228205,-0.6091671438468318,0.5424899801470929,-0.11108756688751327,0.05843441522978583,5,2021-02-01 | n_victimas | 1000m,2021-02,1000,n_victimas
fixest::tiempo_evento::6:tratada,0.02953362135734875,0.0383388924586242,0.7703305824293645,0.4412041842372443,-0.04565942561687101,0.10472666833156852,6,2021-02-01 | n_victimas | 1000m,2021-02,1000,n_victimas
fixest::tiempo_evento::7:tratada,-0.016461725934105418,0.038831010684346946,-0.423932461298033,0.6716653613188659,-0.09261995125570636,0.059696499387495536,7,2021-02-01 | n_victimas | 1000m,2021-02,1000,n_victimas
fixest::tiempo_evento::8:tratada,0.04049518112249695,0.03777157811614091,1.0721072071169873,0.28381456965061597,-0.033585207366620975,0.11457556961161487,8,2021-02-01 | n_victimas | 1000m,2021-02,1000,n_victimas
fixest::tiempo_evento::9:tratada,0.033629666555088915,0.04105523845564659,0.8191321697332296,0.4128186695826124,-0.04689087735641894,0.11415021046659676,9,2021-02-01 | n_victimas | 1000m,2021-02,1000,n_victimas
fixest::tiempo_evento::10:tratada,0.09246427384433219,0.04549987688257272,2.032187341582625,0.04228020838630852,0.0032265791601472638,0.1817019685285171,10,2021-02-01 | n_victimas | 1000m,2021-02,1000,n_victimas
fixest::tiempo_evento::11:tratada,0.02639858203088676,0.04156340648522249,0.6351400008628394,0.5254172586970325,-0.055118618280122864,0.10791578234189637,11,2021-02-01 | n_victimas | 1000m,2021-02,1000,n_victimas
fixest::tiempo_evento::12:tratada,0.007571729255876611,0.04111957151740286,0.18413930341351104,0.8539247668242507,-0.07307498937337654,0.08821844788512977,12,2021-02-01 | n_victimas | 1000m,2021-02,1000,n_victimas
fixest::tiempo_evento::-12:tratada,-3.696397457713888,0.8187372100380289,-4.514754444276689,6.746875602851747e-6,-5.302164905492173,-2.0906300099356026,-12,2022-04-01 | n_incidentes | 250m,2022-04,250,n_incidentes
fixest::tiempo_evento::-11:tratada,-2.320165219542488,0.7706954380010799,-3.0104826175696617,0.0026443395954247806,-3.831709621482983,-0.8086208176019931,-11,2022-04-01 | n_incidentes | 250m,2022-04,250,n_incidentes
fixest::tiempo_evento::-10:tratada,-0.7525488313937811,0.7626493430825423,-0.9867560212561962,0.32389392644655146,-2.248312642024249,0.7432149792366867,-10,2022-04-01 | n_incidentes | 250m,2022-04,250,n_incidentes
fixest::tiempo_evento::-9:tratada,-2.3488430268930025,0.7767424161514307,-3.0239664759534404,0.0025298545955128003,-3.8722472057585122,-0.8254388480274928,-9,2022-04-01 | n_incidentes | 250m,2022-04,250,n_incidentes
fixest::tiempo_evento::-8:tratada,-2.2759020899702547,0.8413095921157847,-2.7051897557077123,0.006890440774966415,-3.925940148531688,-0.6258640314088211,-8,2022-04-01 | n_incidentes | 250m,2022-04,250,n_incidentes
fixest::tiempo_evento::-7:tratada,-0.6344488561186032,0.8023374084590684,-0.7907506859702528,0.4291929163607543,-2.20805181057394,0.9391540983367337,-7,2022-04-01 | n_incidentes | 250m,2022-04,250,n_incidentes
fixest::tiempo_evento::-6:tratada,0.7864653780676767,0.7988294319856233,0.9845222854555901,0.3249901445338419,-0.7802574757160801,2.3531882318514334,-6,2022-04-01 | n_incidentes | 250m,2022-04,250,n_incidentes
fixest::tiempo_evento::-5:tratada,0.06468577744558268,0.7343411186231186,0.08808682478092442,0.9298173962299785,-1.375557867759361,1.5049294226505263,-5,2022-04-01 | n_incidentes | 250m,2022-04,250,n_incidentes
fixest::tiempo_evento::-4:tratada,3.5615224631628934,0.8401724427744739,4.239037466406057,2.3577027959991278e-5,1.9137146652677053,5.209330261058081,-4,2022-04-01 | n_incidentes | 250m,2022-04,250,n_incidentes
fixest::tiempo_evento::-3:tratada,-3.886117777099445,0.8061349533239227,-4.820678921160633,1.5500262762571569e-6,-5.467168754987328,-2.305066799211562,-3,2022-04-01 | n_incidentes | 250m,2022-04,250,n_incidentes
fixest::tiempo_evento::-2:tratada,-2.1054089038220267,0.7889623734917725,-2.6685796110959688,0.007685170986293656,-3.6527797590151563,-0.5580380486288969,-2,2022-04-01 | n_incidentes | 250m,2022-04,250,n_incidentes
NA,0,NA,NA,NA,0,0,-1,2022-04-01 | n_incidentes | 250m,2022-04,250,n_incidentes
fixest::tiempo_evento::0:tratada,-1.0128161496303356,0.8022980651433615,-1.2623938578854192,0.2069694543178456,-2.5863419410901773,0.5607096418295063,0,2022-04-01 | n_incidentes | 250m,2022-04,250,n_incidentes
fixest::tiempo_evento::1:tratada,1.3997760228016842,0.8597445997545976,1.6281300553690379,0.10367105933427685,-0.286418124432664,3.0859701700360325,1,2022-04-01 | n_incidentes | 250m,2022-04,250,n_incidentes
fixest::tiempo_evento::2:tratada,0.17540904925786716,0.7733484920562906,0.22681760042159552,0.8205911479527312,-1.3413387168229431,1.6921568153386772,2,2022-04-01 | n_incidentes | 250m,2022-04,250,n_incidentes
fixest::tiempo_evento::3:tratada,1.0583096993729955,0.8728374884945624,1.2124934060730235,0.22548153783033537,-0.6535631812549918,2.7701825800009825,3,2022-04-01 | n_incidentes | 250m,2022-04,250,n_incidentes
fixest::tiempo_evento::4:tratada,1.6790610410542146,0.8737537789812958,1.9216638387668223,0.05480466732238663,-0.03460893566060763,3.392731017769037,4,2022-04-01 | n_incidentes | 250m,2022-04,250,n_incidentes
fixest::tiempo_evento::5:tratada,2.0329391916423334,0.7948002994413702,2.557798723869626,0.010614403763769513,0.4741185680284319,3.5917598152562347,5,2022-04-01 | n_incidentes | 250m,2022-04,250,n_incidentes
fixest::tiempo_evento::6:tratada,5.915182454144331,1.088767758496713,5.432914786447719,6.293684748822838e-8,3.779811295548344,8.050553612740318,6,2022-04-01 | n_incidentes | 250m,2022-04,250,n_incidentes
fixest::tiempo_evento::7:tratada,1.9605567433098625,0.8062957088246815,2.431560433538361,0.015130237709182091,0.3791904799469763,3.5419230066727487,7,2022-04-01 | n_incidentes | 250m,2022-04,250,n_incidentes
fixest::tiempo_evento::8:tratada,4.047939846119992,0.8769256232116427,4.616058350872292,4.185597131339766e-6,2.3280490159346434,5.767830676305341,8,2022-04-01 | n_incidentes | 250m,2022-04,250,n_incidentes
fixest::tiempo_evento::9:tratada,-1.0068851171536282,0.6689796563704509,-1.5051057346294854,0.13247108283020584,-2.3189370701553456,0.30516683584808946,9,2022-04-01 | n_incidentes | 250m,2022-04,250,n_incidentes
fixest::tiempo_evento::10:tratada,-0.6768358130829724,0.7226449828631474,-0.9366090253630803,0.3490844498078677,-2.094140139251366,0.7404685130854212,10,2022-04-01 | n_incidentes | 250m,2022-04,250,n_incidentes
fixest::tiempo_evento::11:tratada,0.7113050307576239,0.7554737918442785,0.9415350187346287,0.3465561867847675,-0.7703855626585758,2.1929956241738235,11,2022-04-01 | n_incidentes | 250m,2022-04,250,n_incidentes
fixest::tiempo_evento::12:tratada,-0.2465581686251822,0.6907179977854409,-0.3569592357744978,0.7211638648388214,-1.6012449507087,1.108128613458336,12,2022-04-01 | n_incidentes | 250m,2022-04,250,n_incidentes
fixest::tiempo_evento::-12:tratada,0.01680701601284884,0.0836055682429248,0.20102747180683328,0.8406996426313353,-0.14716635455285307,0.18078038657855075,-12,2022-04-01 | n_victimas | 250m,2022-04,250,n_victimas
fixest::tiempo_evento::-11:tratada,0.08485536018140304,0.08900859205830515,0.9533389779474151,0.3405454321049276,-0.08971481685154813,0.2594255372143542,-11,2022-04-01 | n_victimas | 250m,2022-04,250,n_victimas
fixest::tiempo_evento::-10:tratada,-0.00406358625309023,0.07183162733911964,-0.056570989738348766,0.9548931779560151,-0.1449450406293259,0.13681786812314545,-10,2022-04-01 | n_victimas | 250m,2022-04,250,n_victimas
fixest::tiempo_evento::-9:tratada,-0.15430865220993278,0.07175838572658602,-2.15039191095909,0.03165609717930532,-0.29504645976544586,-0.01357084465441974,-9,2022-04-01 | n_victimas | 250m,2022-04,250,n_victimas
fixest::tiempo_evento::-8:tratada,-0.047291184897562795,0.06887167289184729,-0.6866565441473531,0.4923869989824434,-0.18236735958202074,0.08778498978689517,-8,2022-04-01 | n_victimas | 250m,2022-04,250,n_victimas
fixest::tiempo_evento::-7:tratada,-0.09063804412641788,0.07433304119818346,-1.2193506772413998,0.22286973234430577,-0.23642545477172255,0.0551493665188868,-7,2022-04-01 | n_victimas | 250m,2022-04,250,n_victimas
fixest::tiempo_evento::-6:tratada,0.008991084544057233,0.07202607923151604,0.12483095900801243,0.9006712163800308,-0.1322717431411484,0.15025391222926285,-6,2022-04-01 | n_victimas | 250m,2022-04,250,n_victimas
fixest::tiempo_evento::-5:tratada,-0.06441235074249141,0.08020886024346698,-0.803057798689239,0.42204659217142493,-0.22172384852622443,0.09289914704124161,-5,2022-04-01 | n_victimas | 250m,2022-04,250,n_victimas
fixest::tiempo_evento::-4:tratada,0.02368631557507319,0.07028939453776813,0.33698277998889264,0.7361688854433017,-0.11417039875155469,0.16154302990170108,-4,2022-04-01 | n_victimas | 250m,2022-04,250,n_victimas
fixest::tiempo_evento::-3:tratada,-0.05268699914193126,0.0753363955892671,-0.6993565159286355,0.484418968233261,-0.20044226198698226,0.09506826370311974,-3,2022-04-01 | n_victimas | 250m,2022-04,250,n_victimas
fixest::tiempo_evento::-2:tratada,-0.07711505737599078,0.07332660696341793,-1.0516654263637601,0.2930932281665977,-0.2209285754062999,0.06669846065431834,-2,2022-04-01 | n_victimas | 250m,2022-04,250,n_victimas
NA,0,NA,NA,NA,0,0,-1,2022-04-01 | n_victimas | 250m,2022-04,250,n_victimas
fixest::tiempo_evento::0:tratada,0.06038657882097498,0.07958231503865626,0.7587939455096631,0.4480744613318378,-0.09569609256753425,0.2164692502094842,0,2022-04-01 | n_victimas | 250m,2022-04,250,n_victimas
fixest::tiempo_evento::1:tratada,0.03544948150726819,0.08502053874897621,0.416951974533272,0.6767628982313909,-0.13129903296337259,0.202197995977909,1,2022-04-01 | n_victimas | 250m,2022-04,250,n_victimas
fixest::tiempo_evento::2:tratada,0.13867388047749268,0.10435524986369908,1.3288634798787602,0.18406023053892798,-0.06599528709107794,0.3433430480460633,2,2022-04-01 | n_victimas | 250m,2022-04,250,n_victimas
fixest::tiempo_evento::3:tratada,0.10349782567582051,0.09721945691788643,1.0645793440631635,0.2872080922957033,-0.08717610155679463,0.29417175290843567,3,2022-04-01 | n_victimas | 250m,2022-04,250,n_victimas
fixest::tiempo_evento::4:tratada,0.09564117108065426,0.08763184045679984,1.091397494131175,0.2752430317645013,-0.0762288197652404,0.2675111619265489,4,2022-04-01 | n_victimas | 250m,2022-04,250,n_victimas
fixest::tiempo_evento::5:tratada,0.05018543566464725,0.08722367475990418,0.5753648399106084,0.5651159771603924,-0.12088403068896944,0.22125490201826395,5,2022-04-01 | n_victimas | 250m,2022-04,250,n_victimas
fixest::tiempo_evento::6:tratada,-0.02001250781742961,0.06657480785755064,-0.3006018111272682,0.7637526161924526,-0.15058390238588137,0.11055888675102216,6,2022-04-01 | n_victimas | 250m,2022-04,250,n_victimas
fixest::tiempo_evento::7:tratada,-0.030681966927041136,0.07875980025583174,-0.3895637981226254,0.6969048807662244,-0.185151462015044,0.12378752816096172,7,2022-04-01 | n_victimas | 250m,2022-04,250,n_victimas
fixest::tiempo_evento::8:tratada,0.008324970548399334,0.08382010374559673,0.09931949707037513,0.9208955786638326,-0.1560691627753154,0.1727191038721141,8,2022-04-01 | n_victimas | 250m,2022-04,250,n_victimas
fixest::tiempo_evento::9:tratada,-0.09384353593089034,0.07116844660189463,-1.3186115534576255,0.18746555179236374,-0.2334243116195407,0.045737239757760006,9,2022-04-01 | n_victimas | 250m,2022-04,250,n_victimas
fixest::tiempo_evento::10:tratada,0.10498421978841821,0.08291490827280766,1.2661681955071074,0.20561553412873235,-0.05763457780331796,0.26760301738015435,10,2022-04-01 | n_victimas | 250m,2022-04,250,n_victimas
fixest::tiempo_evento::11:tratada,0.05339092746911655,0.09041263373397002,0.5905250766857862,0.5549122788609357,-0.12393295904529569,0.2307148139835288,11,2022-04-01 | n_victimas | 250m,2022-04,250,n_victimas
fixest::tiempo_evento::12:tratada,-0.04045260846171951,0.07987106534415588,-0.5064738812161018,0.6125856048349565,-0.1971015981211252,0.11619638119768617,12,2022-04-01 | n_victimas | 250m,2022-04,250,n_victimas
fixest::tiempo_evento::-12:tratada,-3.648032038876285,0.6537173333243342,-5.580442574965893,2.7613039008450133e-8,-4.930150404855871,-2.3659136728966987,-12,2022-04-01 | n_incidentes | 500m,2022-04,500,n_incidentes
fixest::tiempo_evento::-11:tratada,-3.032855431187966,0.6114145605312941,-4.960391241831957,7.692840495931556e-7,-4.232006497441832,-1.8337043649340996,-11,2022-04-01 | n_incidentes | 500m,2022-04,500,n_incidentes
fixest::tiempo_evento::-10:tratada,-1.0503889964956195,0.6314056947481981,-1.6635722566843654,0.09637076502025953,-2.2887481409656694,0.18797014797443068,-10,2022-04-01 | n_incidentes | 500m,2022-04,500,n_incidentes
fixest::tiempo_evento::-9:tratada,-2.2572588057730893,0.6003878411353237,-3.759667753272034,1.7553210280226095e-4,-3.4347834614464325,-1.0797341500997464,-9,2022-04-01 | n_incidentes | 500m,2022-04,500,n_incidentes
fixest::tiempo_evento::-8:tratada,-2.7606071299699346,0.6643067505257612,-4.155621070815659,3.395100695597999e-5,-4.063494237402233,-1.457720022537636,-8,2022-04-01 | n_incidentes | 500m,2022-04,500,n_incidentes
fixest::tiempo_evento::-7:tratada,-0.8039014542311188,0.6173716030295214,-1.3021354566459997,0.19303548546572388,-2.014735909014793,0.40693300055255544,-7,2022-04-01 | n_incidentes | 500m,2022-04,500,n_incidentes
fixest::tiempo_evento::-6:tratada,0.7350515379241254,0.6402524372699717,1.1480651929391723,0.25109311137669155,-0.5206584866405037,1.9907615624887545,-6,2022-04-01 | n_incidentes | 500m,2022-04,500,n_incidentes
fixest::tiempo_evento::-5:tratada,-0.5070208121405437,0.5936537682296007,-0.8540682115984634,0.39318002759745585,-1.6713381102754727,0.6572964859943853,-5,2022-04-01 | n_incidentes | 500m,2022-04,500,n_incidentes
fixest::tiempo_evento::-4:tratada,2.6672602829601146,0.6813158439624332,3.91486607363733,9.380085301266298e-5,1.3310136943390247,4.003506871581204,-4,2022-04-01 | n_incidentes | 500m,2022-04,500,n_incidentes
fixest::tiempo_evento::-3:tratada,-4.090092899592807,0.635637233059841,-6.434633918318236,1.5797964709618385e-10,-5.336751247264513,-2.8434345519211,-3,2022-04-01 | n_incidentes | 500m,2022-04,500,n_incidentes
fixest::tiempo_evento::-2:tratada,-2.1326363129128607,0.5961193063610947,-3.5775327021887002,3.5595947343694583e-4,-3.3017892052094684,-0.9634834206162528,-2,2022-04-01 | n_incidentes | 500m,2022-04,500,n_incidentes
NA,0,NA,NA,NA,0,0,-1,2022-04-01 | n_incidentes | 500m,2022-04,500,n_incidentes
fixest::tiempo_evento::0:tratada,-1.0131142697779427,0.6282743843910764,-1.6125347379232295,0.10701966967641821,-2.24533205878166,0.21910351922577465,0,2022-04-01 | n_incidentes | 500m,2022-04,500,n_incidentes
fixest::tiempo_evento::1:tratada,1.176041427298334,0.6783044139196776,1.7337959228400313,0.0831242965366421,-0.1542989239188226,2.5063817785154905,1,2022-04-01 | n_incidentes | 500m,2022-04,500,n_incidentes
fixest::tiempo_evento::2:tratada,-0.24238420379587688,0.5988363730280866,-0.4047586531363027,0.6857026722670323,-1.416866006460558,0.9320975988688042,2,2022-04-01 | n_incidentes | 500m,2022-04,500,n_incidentes
fixest::tiempo_evento::3:tratada,0.2451047171905385,0.6657350277907291,0.36817158022153235,0.7127882804657604,-1.0605836323379643,1.5507930667190413,3,2022-04-01 | n_incidentes | 500m,2022-04,500,n_incidentes
fixest::tiempo_evento::4:tratada,1.2821168302462533,0.6568899060273038,1.9517986476610005,0.051115887861200054,-0.006223817937780263,2.5704574784302867,4,2022-04-01 | n_incidentes | 500m,2022-04,500,n_incidentes
fixest::tiempo_evento::5:tratada,1.5694982437644316,0.6478064922984575,2.4227886914127006,0.015499291420719374,0.2989726525994949,2.8400238349293683,5,2022-04-01 | n_incidentes | 500m,2022-04,500,n_incidentes
fixest::tiempo_evento::6:tratada,5.174609362172286,0.8320602232903843,6.219032249503864,6.194862153600308e-10,3.5427118439334713,6.806506880411101,6,2022-04-01 | n_incidentes | 500m,2022-04,500,n_incidentes
fixest::tiempo_evento::7:tratada,1.9639767915110773,0.6400186694312209,3.0686242219409734,0.002182321456395627,0.7087252495721323,3.2192283334500225,7,2022-04-01 | n_incidentes | 500m,2022-04,500,n_incidentes
fixest::tiempo_evento::8:tratada,2.9590363719862753,0.6990420699382074,4.232987540002911,2.4214133618706806e-5,1.588023809259113,4.330048934713438,8,2022-04-01 | n_incidentes | 500m,2022-04,500,n_incidentes
fixest::tiempo_evento::9:tratada,-1.1981502150231094,0.5366282503315166,-2.2327378670111377,0.025687902159683744,-2.250624886231154,-0.14567554381506476,9,2022-04-01 | n_incidentes | 500m,2022-04,500,n_incidentes
fixest::tiempo_evento::10:tratada,-0.8024447690720545,0.5558406880596426,-1.4436596426095942,0.14900750599707013,-1.8926002818469057,0.2877107437027965,10,2022-04-01 | n_incidentes | 500m,2022-04,500,n_incidentes
fixest::tiempo_evento::11:tratada,0.38634983421781943,0.6002396033709664,0.6436593521121655,0.5198777628450149,-0.7908840866829762,1.5635837551186151,11,2022-04-01 | n_incidentes | 500m,2022-04,500,n_incidentes
fixest::tiempo_evento::12:tratada,-0.8224239241126229,0.5465760847409604,-1.5046833315116512,0.13257969240460885,-1.8944090175596076,0.24956116933436168,12,2022-04-01 | n_incidentes | 500m,2022-04,500,n_incidentes
fixest::tiempo_evento::-12:tratada,0.043946755079975544,0.06619948201618467,0.663853458388561,0.5068685155476935,-0.085888522928747,0.1737820330886981,-12,2022-04-01 | n_victimas | 500m,2022-04,500,n_victimas
fixest::tiempo_evento::-11:tratada,0.017496635262479857,0.06747727724183729,0.25929669923954174,0.7954357639396884,-0.11484474843329726,0.14983801895825696,-11,2022-04-01 | n_victimas | 500m,2022-04,500,n_victimas
fixest::tiempo_evento::-10:tratada,0.011275974132580757,0.05926313032200329,0.19026963427873803,0.8491191485189314,-0.10495522234631752,0.12750717061147904,-10,2022-04-01 | n_victimas | 500m,2022-04,500,n_victimas
fixest::tiempo_evento::-9:tratada,-0.13656320782593362,0.05907135380485386,-2.3118347393404806,0.020898385911330825,-0.25241827813796014,-0.02070813751390707,-9,2022-04-01 | n_victimas | 500m,2022-04,500,n_victimas
fixest::tiempo_evento::-8:tratada,-0.015297245839201726,0.05666177854975506,-0.2699746854181275,0.7872104544143166,-0.1264264804860458,0.09583198880764235,-8,2022-04-01 | n_victimas | 500m,2022-04,500,n_victimas
fixest::tiempo_evento::-7:tratada,-0.07095903226866972,0.05763304022874415,-1.2312213963905951,0.21839975954389831,-0.1839931765351984,0.04207511199785896,-7,2022-04-01 | n_victimas | 500m,2022-04,500,n_victimas
fixest::tiempo_evento::-6:tratada,-0.015806059810249403,0.0581425663766005,-0.271850054018437,0.785768269029222,-0.12983952411743138,0.09822740449693258,-6,2022-04-01 | n_victimas | 500m,2022-04,500,n_victimas
fixest::tiempo_evento::-5:tratada,-0.026848143649667092,0.06389278599543856,-0.4202061818306661,0.674384634265841,-0.15215936029093113,0.09846307299159696,-5,2022-04-01 | n_victimas | 500m,2022-04,500,n_victimas
fixest::tiempo_evento::-4:tratada,0.03646226569941259,0.07253979686644714,0.5026518859232979,0.6152700922259516,-0.10580810267822559,0.17873263407705076,-4,2022-04-01 | n_victimas | 500m,2022-04,500,n_victimas
fixest::tiempo_evento::-3:tratada,-0.04810754029478797,0.057988141694487946,-0.8296099666073766,0.40686855676026623,-0.1618381355926839,0.06562305500310797,-3,2022-04-01 | n_victimas | 500m,2022-04,500,n_victimas
fixest::tiempo_evento::-2:tratada,-0.01603995010339192,0.06400925724758315,-0.2505879741948975,0.8021610742063268,-0.1415795987042674,0.10949969849748355,-2,2022-04-01 | n_victimas | 500m,2022-04,500,n_victimas
NA,0,NA,NA,NA,0,0,-1,2022-04-01 | n_victimas | 500m,2022-04,500,n_victimas
fixest::tiempo_evento::0:tratada,0.03191576666779786,0.06328881721339767,0.5042876146694929,0.6141205576370358,-0.0922109021139271,0.15604243544952281,0,2022-04-01 | n_victimas | 500m,2022-04,500,n_victimas
fixest::tiempo_evento::1:tratada,0.016437973935621127,0.06649785422940002,0.24719555429434553,0.80478487433107,-0.11398249353490753,0.1468584414061498,1,2022-04-01 | n_victimas | 500m,2022-04,500,n_victimas
fixest::tiempo_evento::2:tratada,0.08996569609040778,0.0781939987021913,1.1505447679309766,0.2500712934092509,-0.06339410750489258,0.24332549968570813,2,2022-04-01 | n_victimas | 500m,2022-04,500,n_victimas
fixest::tiempo_evento::3:tratada,0.03092686209503719,0.07434757439549634,0.41597674633633513,0.6774762518446462,-0.11488905212244065,0.17674277631251503,3,2022-04-01 | n_victimas | 500m,2022-04,500,n_victimas
fixest::tiempo_evento::4:tratada,0.06145570035786462,0.06892093014402391,0.8916841404989861,0.37268058065072673,-0.0737170812612025,0.19662848197693175,4,2022-04-01 | n_victimas | 500m,2022-04,500,n_victimas
fixest::tiempo_evento::5:tratada,0.05658093424815942,0.06836742580210378,0.8276007701670455,0.40800555061063193,-0.07750627407148723,0.19066814256780606,5,2022-04-01 | n_victimas | 500m,2022-04,500,n_victimas
fixest::tiempo_evento::6:tratada,-0.02525604832090991,0.05720551692768032,-0.44149672404566875,0.6589060812320922,-0.13745170254252767,0.08693960590070786,6,2022-04-01 | n_victimas | 500m,2022-04,500,n_victimas
fixest::tiempo_evento::7:tratada,-0.052818172865450236,0.06209880446834402,-0.8505505591879027,0.39513137723588143,-0.1746109013974586,0.06897455566655812,7,2022-04-01 | n_victimas | 500m,2022-04,500,n_victimas
fixest::tiempo_evento::8:tratada,0.014254997866291707,0.06556988036925297,0.21740161467453523,0.8279198358012856,-0.11434545922881494,0.14285545496139834,8,2022-04-01 | n_victimas | 500m,2022-04,500,n_victimas
fixest::tiempo_evento::9:tratada,-0.08204214949285332,0.05739618423263784,-1.4294007622583518,0.15306136040446885,-0.1946117544130624,0.03052745542735573,9,2022-04-01 | n_victimas | 500m,2022-04,500,n_victimas
fixest::tiempo_evento::10:tratada,0.0554278961363463,0.0643420335314403,0.8614570148651244,0.38910030357927994,-0.07076441771225331,0.1816202099849459,10,2022-04-01 | n_victimas | 500m,2022-04,500,n_victimas
fixest::tiempo_evento::11:tratada,0.04533368348492798,0.06909451625990563,0.6561111639366718,0.5118358588533116,-0.090179547952288,0.18084691492214394,11,2022-04-01 | n_victimas | 500m,2022-04,500,n_victimas
fixest::tiempo_evento::12:tratada,5.088139710659594e-4,0.06468185636479676,0.007866409525977714,0.9937244434721959,-0.12634998533480293,0.12736761327693483,12,2022-04-01 | n_victimas | 500m,2022-04,500,n_victimas
fixest::tiempo_evento::-12:tratada,-3.0333831837752623,0.4770077024385604,-6.359191200200732,2.5606508355322776e-10,-3.9689256649576836,-2.097840702592841,-12,2022-04-01 | n_incidentes | 1000m,2022-04,1000,n_incidentes
fixest::tiempo_evento::-11:tratada,-1.8733023152697204,0.46338218650622437,-4.042672268854162,5.505753166853961e-5,-2.782121435555532,-0.9644831949839086,-11,2022-04-01 | n_incidentes | 1000m,2022-04,1000,n_incidentes
fixest::tiempo_evento::-10:tratada,-1.3108840146161551,0.45170117152830175,-2.902104526718104,0.0037514001874670105,-2.1967934718518567,-0.42497455738045375,-10,2022-04-01 | n_incidentes | 1000m,2022-04,1000,n_incidentes
fixest::tiempo_evento::-9:tratada,-2.1239863742040073,0.44840485383595335,-4.73676044323342,2.340513091865037e-6,-3.003430851488861,-1.2445418969191535,-9,2022-04-01 | n_incidentes | 1000m,2022-04,1000,n_incidentes
fixest::tiempo_evento::-8:tratada,-2.2162152431527122,0.4695582439147341,-4.719787740655979,2.541931042186945e-6,-3.13714730006899,-1.2952831862364347,-8,2022-04-01 | n_incidentes | 1000m,2022-04,1000,n_incidentes
fixest::tiempo_evento::-7:tratada,-1.2189902514611806,0.44636960186611085,-2.730898892677773,0.006377357993669729,-2.0944430433540293,-0.3435374595683317,-7,2022-04-01 | n_incidentes | 1000m,2022-04,1000,n_incidentes
fixest::tiempo_evento::-6:tratada,0.63012628780978,0.46722537026464445,1.3486559761360255,0.17761592808798984,-0.28623036625297416,1.546482941872534,-6,2022-04-01 | n_incidentes | 1000m,2022-04,1000,n_incidentes
fixest::tiempo_evento::-5:tratada,-0.13064417856881594,0.45160155922676964,-0.2892908049133054,0.7723919245534147,-1.016358268854979,0.7550699117173473,-5,2022-04-01 | n_incidentes | 1000m,2022-04,1000,n_incidentes
fixest::tiempo_evento::-4:tratada,1.4738839038504876,0.4731518914304743,3.1150333128638934,0.0018680341629946167,0.5459037219329087,2.4018640857680666,-4,2022-04-01 | n_incidentes | 1000m,2022-04,1000,n_incidentes
fixest::tiempo_evento::-3:tratada,-3.1323834053328006,0.4548060271582798,-6.8872952825725875,7.813224379327259e-12,-4.0243823330842465,-2.240384477581354,-3,2022-04-01 | n_incidentes | 1000m,2022-04,1000,n_incidentes
fixest::tiempo_evento::-2:tratada,-1.6075883460662221,0.43182288227136945,-3.7227956462389806,2.0304435325309397e-4,-2.4545110448952547,-0.7606656472371895,-2,2022-04-01 | n_incidentes | 1000m,2022-04,1000,n_incidentes
NA,0,NA,NA,NA,0,0,-1,2022-04-01 | n_incidentes | 1000m,2022-04,1000,n_incidentes
fixest::tiempo_evento::0:tratada,-0.08760662456416413,0.45303416917407763,-0.19337752100217726,0.8466849799501304,-0.9761304545208178,0.8009172053924896,0,2022-04-01 | n_incidentes | 1000m,2022-04,1000,n_incidentes
fixest::tiempo_evento::1:tratada,1.3166085078163912,0.488983430180384,2.6925421733221095,0.007156225475032487,0.3575783513023667,2.2756386643304154,1,2022-04-01 | n_incidentes | 1000m,2022-04,1000,n_incidentes
fixest::tiempo_evento::2:tratada,-0.07876370886681339,0.44266322508728806,-0.17793144856630477,0.8587966902229323,-0.9469472828620678,0.789419865128441,2,2022-04-01 | n_incidentes | 1000m,2022-04,1000,n_incidentes
fixest::tiempo_evento::3:tratada,0.4336878254191856,0.47246654385331177,0.9179228266241727,0.35878136426094764,-0.4929482025790055,1.3603238534173767,3,2022-04-01 | n_incidentes | 1000m,2022-04,1000,n_incidentes
fixest::tiempo_evento::4:tratada,0.602506369786081,0.46428921021356806,1.2976962559800485,0.19455681207523137,-0.3080916718993677,1.5131044114715295,4,2022-04-01 | n_incidentes | 1000m,2022-04,1000,n_incidentes
fixest::tiempo_evento::5:tratada,0.8838872272137804,0.48168448765884464,1.834992095157106,0.06667060899092285,-0.06082770805391979,1.8286021624814808,5,2022-04-01 | n_incidentes | 1000m,2022-04,1000,n_incidentes
fixest::tiempo_evento::6:tratada,3.3377838706167218,0.5715313098860682,5.840071773639299,6.17006701455753e-9,2.216854759848073,4.4587129813853705,6,2022-04-01 | n_incidentes | 1000m,2022-04,1000,n_incidentes
fixest::tiempo_evento::7:tratada,1.5674947380146556,0.46615298253833326,3.362618704012594,7.88128608822822e-4,0.6532413293903584,2.4817481466389526,7,2022-04-01 | n_incidentes | 1000m,2022-04,1000,n_incidentes
fixest::tiempo_evento::8:tratada,2.152963332231953,0.4960257086057473,4.340426907072225,1.5004798510911893e-5,1.18012134291615,3.1258053215477557,8,2022-04-01 | n_incidentes | 1000m,2022-04,1000,n_incidentes
fixest::tiempo_evento::9:tratada,-1.0034230641342847,0.4096276738952641,-2.4495978374518845,0.014395606322624883,-1.8068148928989771,-0.20003123536959244,9,2022-04-01 | n_incidentes | 1000m,2022-04,1000,n_incidentes
fixest::tiempo_evento::10:tratada,-0.7706380857361629,0.41054985859910287,-1.8770876900695317,0.060666541291840285,-1.5758385707584528,0.03456239928612703,10,2022-04-01 | n_incidentes | 1000m,2022-04,1000,n_incidentes
fixest::tiempo_evento::11:tratada,0.6390162844864121,0.44211478592787595,1.4453628442787652,0.14852881542334898,-0.22809165041674584,1.50612421938957,11,2022-04-01 | n_incidentes | 1000m,2022-04,1000,n_incidentes
fixest::tiempo_evento::12:tratada,-0.6814750193796825,0.41341783466126814,-1.6483928903020009,0.09944533660730555,-1.4923003893408389,0.12935035058147382,12,2022-04-01 | n_incidentes | 1000m,2022-04,1000,n_incidentes
fixest::tiempo_evento::-12:tratada,0.003146117204638375,0.04755310847961038,0.06616007460347947,0.9472576774323247,-0.09011852583470895,0.0964107602439857,-12,2022-04-01 | n_victimas | 1000m,2022-04,1000,n_victimas
fixest::tiempo_evento::-11:tratada,-0.03150825301802385,0.04689810289503407,-0.6718449377055759,0.5017680167916517,-0.12348825107857905,0.060471745042531354,-11,2022-04-01 | n_victimas | 1000m,2022-04,1000,n_victimas
fixest::tiempo_evento::-10:tratada,-0.03556829511395774,0.041672577997497316,-0.8535179924816224,0.3934848649216812,-0.11729961059951463,0.046163020371599146,-10,2022-04-01 | n_victimas | 1000m,2022-04,1000,n_victimas
fixest::tiempo_evento::-9:tratada,-0.10414589564568962,0.04486967211641554,-2.3210754777855374,0.020393179988649403,-0.19214758653461167,-0.016144204756767547,-9,2022-04-01 | n_victimas | 1000m,2022-04,1000,n_victimas
fixest::tiempo_evento::-8:tratada,-0.048285698459476445,0.040412806523516975,-1.1948118087611184,0.2323168428726309,-0.12754625776129602,0.030974860842343133,-8,2022-04-01 | n_victimas | 1000m,2022-04,1000,n_victimas
fixest::tiempo_evento::-7:tratada,-0.09428104575093262,0.042085425353439274,-2.2402303162947086,0.025196694691273756,-0.1768220677417577,-0.01174002376010752,-7,2022-04-01 | n_victimas | 1000m,2022-04,1000,n_victimas
fixest::tiempo_evento::-6:tratada,-0.03732413869432793,0.041415923150028656,-0.9012026258384175,0.3676002932838882,-0.11855208387458194,0.043903806485926074,-6,2022-04-01 | n_victimas | 1000m,2022-04,1000,n_victimas
fixest::tiempo_evento::-5:tratada,-0.044189653261737245,0.045863706919942085,-0.9634993817414933,0.33542546518741423,-0.13414091809195786,0.04576161156848336,-5,2022-04-01 | n_victimas | 1000m,2022-04,1000,n_victimas
fixest::tiempo_evento::-4:tratada,0.014644954027501883,0.048285504230152924,0.30329918390614063,0.7616966669001104,-0.08005611725853248,0.10934602531353624,-4,2022-04-01 | n_victimas | 1000m,2022-04,1000,n_victimas
fixest::tiempo_evento::-3:tratada,-0.05142073778594267,0.04201321180266364,-1.2239182766475045,0.22114208753617615,-0.13382012926614445,0.030978653694259096,-3,2022-04-01 | n_victimas | 1000m,2022-04,1000,n_victimas
fixest::tiempo_evento::-2:tratada,-0.07024759056094916,0.04477872659031839,-1.568771510714139,0.11687569186972321,-0.15807091241578142,0.017575731293883082,-2,2022-04-01 | n_victimas | 1000m,2022-04,1000,n_victimas
NA,0,NA,NA,NA,0,0,-1,2022-04-01 | n_victimas | 1000m,2022-04,1000,n_victimas
fixest::tiempo_evento::0:tratada,0.005633100698603379,0.045906027922379924,0.12270939032512444,0.9023508280350155,-0.08440116718465895,0.09566736858186572,0,2022-04-01 | n_victimas | 1000m,2022-04,1000,n_victimas
fixest::tiempo_evento::1:tratada,0.024520881799742617,0.047689823377001866,0.5141743051950087,0.6071927952363971,-0.06901189652057893,0.11805366012006416,1,2022-04-01 | n_victimas | 1000m,2022-04,1000,n_victimas
fixest::tiempo_evento::2:tratada,0.008363797497094597,0.052728387941911786,0.15862039071455347,0.8739856287597768,-0.09505098308557156,0.11177857807976074,2,2022-04-01 | n_victimas | 1000m,2022-04,1000,n_victimas
fixest::tiempo_evento::3:tratada,-0.02018112329607914,0.04882213998349007,-0.413360071944894,0.679391709208212,-0.11593468396876633,0.07557243737660804,3,2022-04-01 | n_victimas | 1000m,2022-04,1000,n_victimas
fixest::tiempo_evento::4:tratada,0.005364462169743484,0.04793374558820327,0.11191410360102769,0.9109039024169342,-0.088646714276051225,0.09937563861553819,4,2022-04-01 | n_victimas | 1000m,2022-04,1000,n_victimas
fixest::tiempo_evento::5:tratada,-0.0020854104346664246,0.04746101159272563,-0.0439394434438489,0.9649575129875857,-0.09516942630672721,0.09099860543739437,5,2022-04-01 | n_victimas | 1000m,2022-04,1000,n_victimas
fixest::tiempo_evento::6:tratada,0.011534839925365208,0.045918426550366806,0.25120285671620135,0.8016857434463418,-0.07852374505619723,0.10159342490692765,6,2022-04-01 | n_victimas | 1000m,2022-04,1000,n_victimas
fixest::tiempo_evento::7:tratada,-0.04960396587943853,0.04420111443050043,-1.1222333762066852,0.2619118253070535,-0.1362944324147556,0.03708650065587855,7,2022-04-01 | n_victimas | 1000m,2022-04,1000,n_victimas
fixest::tiempo_evento::8:tratada,-0.014827739004510228,0.04572454124339158,-0.3242840409394645,0.7457604089782424,-0.1045060619059739,0.07485058389695344,8,2022-04-01 | n_victimas | 1000m,2022-04,1000,n_victimas
fixest::tiempo_evento::9:tratada,-0.08462390605889772,0.04249778861966753,-1.9912543406960868,0.0466027752246321,-0.16797368512275007,-0.001274126995045366,9,2022-04-01 | n_victimas | 1000m,2022-04,1000,n_victimas
fixest::tiempo_evento::10:tratada,-0.014559100475651959,0.044328867578259705,-0.32843384618271204,0.7426215836584464,-0.10150012585147114,0.07238192490016723,10,2022-04-01 | n_victimas | 1000m,2022-04,1000,n_victimas
fixest::tiempo_evento::11:tratada,-0.006718732690121837,0.0476719292013948,-0.14093687422923212,0.8879354683282654,-0.10021641564120602,0.08677895026096234,11,2022-04-01 | n_victimas | 1000m,2022-04,1000,n_victimas
fixest::tiempo_evento::12:tratada,-0.026033012074189704,0.045577805789066304,-0.5711773882812671,0.5679501977921896,-0.11542354664369331,0.0633575224953139,12,2022-04-01 | n_victimas | 1000m,2022-04,1000,n_victimas
fixest::tiempo_evento::-12:tratada,0.5062825278791041,0.7942261286227813,0.6374538807442882,0.5239097319447682,-1.0514119898260266,2.0639770455842346,-12,2023-09-01 | n_incidentes | 250m,2023-09,250,n_incidentes
fixest::tiempo_evento::-11:tratada,4.792602230480705,1.0895880844748023,4.39854500867712,1.153091791174938e-5,2.6556221884285467,6.929582272532864,-11,2023-09-01 | n_incidentes | 250m,2023-09,250,n_incidentes
fixest::tiempo_evento::-10:tratada,0.7576332094156113,0.8902193713457058,0.8510634949117432,0.394846471710099,-0.9883302943344952,2.5035967131657175,-10,2023-09-01 | n_incidentes | 250m,2023-09,250,n_incidentes
fixest::tiempo_evento::-9:tratada,3.2968773234177355,0.8559671987407692,3.8516397921180143,1.2140788423483657e-4,1.6180916920183137,4.975662954817158,-9,2023-09-01 | n_incidentes | 250m,2023-09,250,n_incidentes
fixest::tiempo_evento::-8:tratada,-2.044615861215902,0.7643906583564491,-2.6748310420382726,0.00754389936826982,-3.5437948670382786,-0.5454368553935252,-8,2023-09-01 | n_incidentes | 250m,2023-09,250,n_incidentes
fixest::tiempo_evento::-7:tratada,-1.4969021065691388,0.7670562068593069,-1.9514894647657808,0.0511526509708562,-3.001308981558674,0.007504768420396379,-7,2023-09-01 | n_incidentes | 250m,2023-09,250,n_incidentes
fixest::tiempo_evento::-6:tratada,-0.1549876084281041,0.7487525749826542,-0.20699442460240566,0.8360374575645353,-1.6234960585222071,1.313520841665999,-6,2023-09-01 | n_incidentes | 250m,2023-09,250,n_incidentes
fixest::tiempo_evento::-5:tratada,-1.4715737298653333,0.7600981261303867,-1.9360312560656154,0.05301914371833628,-2.9623339067488983,0.019186447018231467,-5,2023-09-01 | n_incidentes | 250m,2023-09,250,n_incidentes
fixest::tiempo_evento::-4:tratada,-0.19146840148881905,0.8542599275823325,-0.22413365687268008,0.8226785585769414,-1.8669056075117747,1.4839688045341366,-4,2023-09-01 | n_incidentes | 250m,2023-09,250,n_incidentes
fixest::tiempo_evento::-3:tratada,-1.1882713754663339,0.8527129092908685,-1.3935186890210467,0.1636337971888554,-2.8606744557855914,0.48413170485292367,-3,2023-09-01 | n_incidentes | 250m,2023-09,250,n_incidentes
fixest::tiempo_evento::-2:tratada,0.5007372986349923,0.7960320547228122,0.6290416267336809,0.5294010520104634,-1.060499133751637,2.0619737310216215,-2,2023-09-01 | n_incidentes | 250m,2023-09,250,n_incidentes
NA,0,NA,NA,NA,0,0,-1,2023-09-01 | n_incidentes | 250m,2023-09,250,n_incidentes
fixest::tiempo_evento::0:tratada,0.7760656753387911,0.8421071199282139,0.9215759574683889,0.356872418434771,-0.8755365532447148,2.427667903922297,0,2023-09-01 | n_incidentes | 250m,2023-09,250,n_incidentes
fixest::tiempo_evento::1:tratada,2.4899256505554144,0.8662437412789202,2.874393813084634,0.00409523378278737,0.7909849104334938,4.188866390677335,1,2023-09-01 | n_incidentes | 250m,2023-09,250,n_incidentes
fixest::tiempo_evento::2:tratada,1.5450805452271417,0.8848851041352329,1.7460804097692373,0.08096635128685709,-0.19042100255063188,3.280582093004915,2,2023-09-01 | n_incidentes | 250m,2023-09,250,n_incidentes
fixest::tiempo_evento::3:tratada,2.9611648079283257,0.9850725556383604,3.0060372619044196,0.002683109504879326,1.029168284318056,4.893161331538595,3,2023-09-01 | n_incidentes | 250m,2023-09,250,n_incidentes
fixest::tiempo_evento::4:tratada,-2.272750929369531,0.805535659909749,-2.821415664731921,0.004833321199988509,-3.8526265290721433,-0.6928753296669188,4,2023-09-01 | n_incidentes | 250m,2023-09,250,n_incidentes
fixest::tiempo_evento::5:tratada,-1.673135068155243,0.7578056528883668,-2.2078682862526953,0.027378245299227603,-3.1593990784278296,-0.18687105788265646,5,2023-09-01 | n_incidentes | 250m,2023-09,250,n_incidentes
fixest::tiempo_evento::-12:tratada,0.10252168525371672,0.08778023629291798,1.1679358541666178,0.24298620560648027,-0.0696393503866527,0.27468272089408613,-12,2023-09-01 | n_victimas | 250m,2023-09,250,n_victimas
fixest::tiempo_evento::-11:tratada,0.005793060718397573,0.0751582152242927,0.07707821029423721,0.9385698319314003,-0.14161274173032448,0.15319886316711964,-11,2023-09-01 | n_victimas | 250m,2023-09,250,n_victimas
fixest::tiempo_evento::-10:tratada,0.0037174721186455026,0.08007024187879735,0.04642763692749492,0.9629745224122938,-0.15332215716452138,0.1607571014018124,-10,2023-09-01 | n_victimas | 250m,2023-09,250,n_victimas
fixest::tiempo_evento::-9:tratada,0.05752168525371667,0.08258741560254204,0.6964945546975821,0.4862084500359184,-0.1044548097006762,0.21949818020810954,-9,2023-09-01 | n_victimas | 250m,2023-09,250,n_victimas
fixest::tiempo_evento::-8:tratada,-0.04265179677849863,0.07075358085106814,-0.602821740828609,0.5467026769137677,-0.1814189073378405,0.09611531378084325,-8,2023-09-01 | n_victimas | 250m,2023-09,250,n_victimas
fixest::tiempo_evento::-7:tratada,0.11420693928097418,0.08536971084188352,1.3377922702877743,0.18113194199131213,-0.053226397100273506,0.2816402756622219,-7,2023-09-01 | n_victimas | 250m,2023-09,250,n_victimas
fixest::tiempo_evento::-6:tratada,0.11053283767007041,0.08980903525971508,1.2307540922850915,0.2185744969492032,-0.06560722725958426,0.2866729025997251,-6,2023-09-01 | n_victimas | 250m,2023-09,250,n_victimas
fixest::tiempo_evento::-5:tratada,0.025402726145904685,0.0743159604375249,0.3418205994560207,0.7325255219353748,-0.12035118445920087,0.17115663675101025,-5,2023-09-01 | n_victimas | 250m,2023-09,250,n_victimas
fixest::tiempo_evento::-4:tratada,0.047348203221494856,0.07539611333579155,0.6279926262328701,0.5300878632580659,-0.10052418244666467,0.19522058888965438,-4,2023-09-01 | n_victimas | 250m,2023-09,250,n_victimas
fixest::tiempo_evento::-3:tratada,0.07664188351889092,0.07128190529683104,1.0751940930835104,0.2824309041911431,-0.06316141568128741,0.21644518271906926,-3,2023-09-01 | n_victimas | 250m,2023-09,250,n_victimas
fixest::tiempo_evento::-2:tratada,0.022837670383822256,0.07160727069831697,0.3189294908339388,0.7498167196730083,-0.11760375929819306,0.16327910006583757,-2,2023-09-01 | n_victimas | 250m,2023-09,250,n_victimas
NA,0,NA,NA,NA,0,0,-1,2023-09-01 | n_victimas | 250m,2023-09,250,n_victimas
fixest::tiempo_evento::0:tratada,0.028543990086429334,0.07221732432878161,0.3952512828705475,0.6927039476034851,-0.11309392150600703,0.17018190167886568,0,2023-09-01 | n_victimas | 250m,2023-09,250,n_victimas
fixest::tiempo_evento::1:tratada,0.04185873605916307,0.07151108499865835,0.585346118856236,0.5583878571787252,-0.09839404717615366,0.1821115192944798,1,2023-09-01 | n_victimas | 250m,2023-09,250,n_victimas
fixest::tiempo_evento::2:tratada,0.05066294919423104,0.06948988491345769,0.7290694071133719,0.4660533766811853,-0.0856257082355526,0.18695160662401467,2,2023-09-01 | n_victimas | 250m,2023-09,250,n_victimas
fixest::tiempo_evento::3:tratada,0.1283147459724263,0.07888547894367258,1.6265952579694445,0.1039968667038377,-0.02640123937318309,0.2830307313180357,3,2023-09-01 | n_victimas | 250m,2023-09,250,n_victimas
fixest::tiempo_evento::4:tratada,0.026815365551109048,0.07588454050500175,0.3533705992374241,0.7238517077191908,-0.1220149592937636,0.1756456903959817,4,2023-09-01 | n_victimas | 250m,2023-09,250,n_victimas
fixest::tiempo_evento::5:tratada,-0.0198265179680931,0.06929712567605921,-0.28610880717874815,0.7748274733609307,-0.15573712184799757,0.11608408591181138,5,2023-09-01 | n_victimas | 250m,2023-09,250,n_victimas
fixest::tiempo_evento::6:tratada,0.06743494423760221,0.07694198240691835,0.876438871576809,0.3809076034852643,-0.083469313199067,0.21833920167427143,6,2023-09-01 | n_victimas | 250m,2023-09,250,n_victimas
fixest::tiempo_evento::7:tratada,0.13172862453500328,0.08463452778027164,1.556440710309124,0.1197778644898009,-0.03426281692071695,0.29772006599072354,7,2023-09-01 | n_victimas | 250m,2023-09,250,n_victimas
fixest::tiempo_evento::8:tratada,-0.02491325898420524,0.07720206075969668,-0.3227019944681477,0.7469581516628533,-0.17632760115580892,0.12650108318739844,8,2023-09-01 | n_victimas | 250m,2023-09,250,n_victimas
fixest::tiempo_evento::9:tratada,0.045576208178132925,0.0767840064302248,0.5935638200847068,0.55287792847781,-0.10501821518992993,0.1961706315461958,9,2023-09-01 | n_victimas | 250m,2023-09,250,n_victimas
fixest::tiempo_evento::10:tratada,-0.001629491945793357,0.07264811552603857,-0.022429927245797777,0.9821074761143491,-0.14411230282076326,0.14085331892917657,10,2023-09-01 | n_victimas | 250m,2023-09,250,n_victimas
fixest::tiempo_evento::-12:tratada,0.8497457035434695,0.6140034190785528,1.3839429507065282,0.16654626633288233,-0.3544828219135734,2.053974229000512,-12,2023-09-01 | n_incidentes | 500m,2023-09,500,n_incidentes
fixest::tiempo_evento::-11:tratada,4.767733205947761,0.8320076928373723,5.730395580464521,1.1708706666609227e-8,3.135938714285031,6.399527697610491,-11,2023-09-01 | n_incidentes | 500m,2023-09,500,n_incidentes
fixest::tiempo_evento::-10:tratada,1.4606883404020856,0.6875759980440163,2.1244027490159385,0.03377147109319873,0.11216387858916232,2.8092128022150087,-10,2023-09-01 | n_incidentes | 500m,2023-09,500,n_incidentes
fixest::tiempo_evento::-9:tratada,2.6288417353082734,0.6417961037516496,4.0960699510970136,4.387269257343428e-5,1.37010415885506,3.8875793117614865,-9,2023-09-01 | n_incidentes | 500m,2023-09,500,n_incidentes
fixest::tiempo_evento::-8:tratada,-1.680051183513381,0.6012989167762027,-2.794036604158192,0.005260212953898588,-2.859362707535506,-0.5007396594912557,-8,2023-09-01 | n_incidentes | 500m,2023-09,500,n_incidentes
fixest::tiempo_evento::-7:tratada,-1.030733882492483,0.6060785271201431,-1.7006606180062873,0.08917822789062774,-2.2194195287717453,0.15795176378677933,-7,2023-09-01 | n_incidentes | 500m,2023-09,500,n_incidentes
fixest::tiempo_evento::-6:tratada,0.049951475089544894,0.6103972683254004,0.0818343686671218,0.9347874584846521,-1.1472044031002213,1.247107353279311,-6,2023-09-01 | n_incidentes | 500m,2023-09,500,n_incidentes
fixest::tiempo_evento::-5:tratada,-1.317043806430466,0.5917826270127111,-2.225553347314092,0.026166685526853778,-2.47769128521501,-0.1563963276459217,-5,2023-09-01 | n_incidentes | 500m,2023-09,500,n_incidentes
fixest::tiempo_evento::-4:tratada,0.24785960846926902,0.6592738077103887,0.3759585252295521,0.7069917157247079,-1.0451565224880757,1.5408757394266137,-4,2023-09-01 | n_incidentes | 500m,2023-09,500,n_incidentes
fixest::tiempo_evento::-3:tratada,-0.9768679928008355,0.655052897316698,-1.4912810809667325,0.13606167783959153,-2.261605764808472,0.3078697792068008,-3,2023-09-01 | n_incidentes | 500m,2023-09,500,n_incidentes
fixest::tiempo_evento::-2:tratada,0.31634781443102455,0.625409427985758,0.5058251447373904,0.6130408982458522,-0.9102510120062419,1.542946640868291,-2,2023-09-01 | n_incidentes | 500m,2023-09,500,n_incidentes
NA,0,NA,NA,NA,0,0,-1,2023-09-01 | n_incidentes | 500m,2023-09,500,n_incidentes
fixest::tiempo_evento::0:tratada,1.0594230183112443,0.63888466523651,1.6582382955130945,0.09744236399169055,-0.19360443145357542,2.3124504680760642,0,2023-09-01 | n_incidentes | 500m,2023-09,500,n_incidentes
fixest::tiempo_evento::1:tratada,2.1379036807572227,0.6699781905572316,3.1910048877547696,0.0014420533156672916,0.8238933292938646,3.451914032220581,1,2023-09-01 | n_incidentes | 500m,2023-09,500,n_incidentes
fixest::tiempo_evento::2:tratada,1.2553231499445245,0.6638934749362794,1.8908502603749957,0.058803647870323765,-0.046753411099488495,2.5573997109885376,2,2023-09-01 | n_incidentes | 500m,2023-09,500,n_incidentes
fixest::tiempo_evento::3:tratada,1.982753664222015,0.7398576703950549,2.6799122906481494,0.007430793520306573,0.5316905531973275,3.4338167752467026,3,2023-09-01 | n_incidentes | 500m,2023-09,500,n_incidentes
fixest::tiempo_evento::4:tratada,-1.7965433838639795,0.6127338234591512,-2.9320127518368486,0.0034099390745327145,-2.9982818853029585,-0.5948048824250003,4,2023-09-01 | n_incidentes | 500m,2023-09,500,n_incidentes
fixest::tiempo_evento::5:tratada,-1.2989955668363602,0.5801572298970928,-2.2390405564139457,0.02527414804745814,-2.4368424644003586,-0.16114866927236204,5,2023-09-01 | n_incidentes | 500m,2023-09,500,n_incidentes
fixest::tiempo_evento::-12:tratada,0.10887951773308296,0.07103526353961052,1.5327530624612917,0.12551117869406997,-0.030440049568566996,0.24819908503473292,-12,2023-09-01 | n_victimas | 500m,2023-09,500,n_victimas
fixest::tiempo_evento::-11:tratada,0.027083166719757745,0.060439063553298776,0.44810698788994624,0.6541295272909771,-0.09145435623413647,0.14562068967365197,-11,2023-09-01 | n_victimas | 500m,2023-09,500,n_victimas
fixest::tiempo_evento::-10:tratada,-0.027385771935632866,0.06207545904774811,-0.4411690602975304,0.659143214627351,-0.14913271371703554,0.09436116984576981,-10,2023-09-01 | n_victimas | 500m,2023-09,500,n_victimas
fixest::tiempo_evento::-9:tratada,0.05211726384304201,0.06837036121316566,0.7622786090093979,0.4459928944045214,-0.08197570162000943,0.18621022930609343,-9,2023-09-01 | n_victimas | 500m,2023-09,500,n_victimas
fixest::tiempo_evento::-8:tratada,-0.0479542806755032,0.05842599639635993,-0.8207695826046855,0.4118854311824808,-0.162543628719094,0.0666350673680876,-8,2023-09-01 | n_victimas | 500m,2023-09,500,n_victimas
fixest::tiempo_evento::-7:tratada,0.07853902202254581,0.06785780808043544,1.1574058202624136,0.24725905700956233,-0.05454868665517307,0.2116267307002647,-7,2023-09-01 | n_victimas | 500m,2023-09,500,n_victimas
fixest::tiempo_evento::-6:tratada,0.07642726991673929,0.0706375433010772,1.0819638728230487,0.27941246728209457,-0.06211225929145481,0.21496679912493338,-6,2023-09-01 | n_victimas | 500m,2023-09,500,n_victimas
fixest::tiempo_evento::-5:tratada,0.05073176425264071,0.06124853749957376,0.8282934797095157,0.40761333603623706,-0.06939335835693866,0.1708568868622201,-5,2023-09-01 | n_victimas | 500m,2023-09,500,n_victimas
fixest::tiempo_evento::-4:tratada,0.06949112610145647,0.06170563460697011,1.1261714840804333,0.2602419858790048,-0.05153048887042384,0.19051274107333677,-4,2023-09-01 | n_victimas | 500m,2023-09,500,n_victimas
fixest::tiempo_evento::-3:tratada,0.057185901190140595,0.059605406608820986,0.9594079538025947,0.3374811953258603,-0.05971659263884728,0.17408839501912848,-3,2023-09-01 | n_victimas | 500m,2023-09,500,n_victimas
fixest::tiempo_evento::-2:tratada,0.016891855380069182,0.059135636359307985,0.2856459559754174,0.7751819320539904,-0.09908929059107842,0.13287300135121677,-2,2023-09-01 | n_victimas | 500m,2023-09,500,n_victimas
NA,0,NA,NA,NA,0,0,-1,2023-09-01 | n_victimas | 500m,2023-09,500,n_victimas
fixest::tiempo_evento::0:tratada,0.012789393254357295,0.05927027761163245,0.21578089001302797,0.8291828176881046,-0.10345582101301527,0.12903460752172985,0,2023-09-01 | n_victimas | 500m,2023-09,500,n_victimas
fixest::tiempo_evento::1:tratada,0.05941653391602769,0.05734323462284132,1.036155952952827,0.30026757101762275,-0.05304922234707701,0.1718822901791324,1,2023-09-01 | n_victimas | 500m,2023-09,500,n_victimas
fixest::tiempo_evento::2:tratada,-0.01586515911685283,0.05523185532881254,-0.28724653594203137,0.7739563826048672,-0.12418992349795058,0.0924596052642449,2,2023-09-01 | n_victimas | 500m,2023-09,500,n_victimas
fixest::tiempo_evento::3:tratada,0.06665312148024452,0.0644297970074781,1.0345077056894711,0.3010368435821484,-0.05971132053255421,0.19301756349304325,3,2023-09-01 | n_victimas | 500m,2023-09,500,n_victimas
fixest::tiempo_evento::4:tratada,0.020328586033325907,0.06113458002383392,0.33252188900947066,0.7395336560841455,-0.09957303481924218,0.140230206885894,4,2023-09-01 | n_victimas | 500m,2023-09,500,n_victimas
fixest::tiempo_evento::5:tratada,0.02581654774943823,0.05616000885009072,0.4596962906175989,0.6457893498465412,-0.084328579371665,0.13596167487054145,5,2023-09-01 | n_victimas | 500m,2023-09,500,n_victimas
fixest::tiempo_evento::6:tratada,0.047050787961762236,0.059561120218970656,0.7899580764899081,0.42965555807215483,-0.06976484815228438,0.16386642407580887,6,2023-09-01 | n_victimas | 500m,2023-09,500,n_victimas
fixest::tiempo_evento::7:tratada,0.1006767549474844,0.06690334040330559,1.5048090923500455,0.1325473491825479,-0.030538981738366083,0.2318924916333349,7,2023-09-01 | n_victimas | 500m,2023-09,500,n_victimas
fixest::tiempo_evento::8:tratada,0.0423452768723669,0.0652273486530407,0.6491951266885182,0.5162944911406566,-0.08558338190579289,0.17027393565052668,8,2023-09-01 | n_victimas | 500m,2023-09,500,n_victimas
fixest::tiempo_evento::9:tratada,0.03595166097781653,0.06115624883895051,0.5878656990962936,0.5566956544230475,-0.08399245834375912,0.1558957802993922,9,2023-09-01 | n_victimas | 500m,2023-09,500,n_victimas
fixest::tiempo_evento::10:tratada,-0.04167954540103545,0.057006776040979465,-0.7311331791693325,0.4647922893454265,-0.15348541442357572,0.07012632362150482,10,2023-09-01 | n_victimas | 500m,2023-09,500,n_victimas
fixest::tiempo_evento::-12:tratada,-0.2446116225571191,0.46261935522776637,-0.5287535417464037,0.597041152220898,-1.1519346222073024,0.662711377093064,-12,2023-09-01 | n_incidentes | 1000m,2023-09,1000,n_incidentes
fixest::tiempo_evento::-11:tratada,2.4157364787088973,0.5766592549892466,4.189192244480573,2.9339706249106382e-5,1.2847500660126918,3.5467228914051026,-11,2023-09-01 | n_incidentes | 1000m,2023-09,1000,n_incidentes
fixest::tiempo_evento::-10:tratada,0.57210874568231,0.48686550461061373,1.1750858096629218,0.24011468960395355,-0.38276757991373733,1.5269850712783573,-10,2023-09-01 | n_incidentes | 1000m,2023-09,1000,n_incidentes
fixest::tiempo_evento::-9:tratada,1.3447439585707193,0.48164944871268245,2.7919557723253976,0.005294010952427738,0.400097744253358,2.2893901728880808,-9,2023-09-01 | n_incidentes | 1000m,2023-09,1000,n_incidentes
fixest::tiempo_evento::-8:tratada,-1.9551754890704873,0.4394607143200227,-4.449033611788779,9.149691160489377e-6,-2.8170780641344786,-1.093272914006496,-8,2023-09-01 | n_incidentes | 1000m,2023-09,1000,n_incidentes
fixest::tiempo_evento::-7:tratada,-1.6739441887252398,0.44369191211706815,-3.7727624574855207,1.6663574627059094e-4,-2.544145299148692,-0.8037430783017877,-7,2023-09-01 | n_incidentes | 1000m,2023-09,1000,n_incidentes
fixest::tiempo_evento::-6:tratada,-0.27422612198174856,0.44890929177532135,-0.6108720113527935,0.5413608894559232,-1.1546599399396906,0.6062076959761936,-6,2023-09-01 | n_incidentes | 1000m,2023-09,1000,n_incidentes
fixest::tiempo_evento::-5:tratada,-1.6233371691625293,0.4300843593104063,-3.7744622282134945,1.655125811820151e-4,-2.466850149288536,-0.7798241890365225,-5,2023-09-01 | n_incidentes | 1000m,2023-09,1000,n_incidentes
fixest::tiempo_evento::-4:tratada,-0.6652387802096185,0.4700704279582124,-1.4151895985015162,0.1571846516815676,-1.5871753700263251,0.2566978096070882,-4,2023-09-01 | n_incidentes | 1000m,2023-09,1000,n_incidentes
fixest::tiempo_evento::-3:tratada,-1.4005350978161377,0.47726441366843764,-2.9345056067580795,0.0033827976665352284,-2.3365810598851757,-0.4644891357470996,-3,2023-09-01 | n_incidentes | 1000m,2023-09,1000,n_incidentes
fixest::tiempo_evento::-2:tratada,-0.31496835443284144,0.46212371763338467,-0.681567170033706,0.4955997309888316,-1.2213192732917824,0.5913825644260994,-2,2023-09-01 | n_incidentes | 1000m,2023-09,1000,n_incidentes
NA,0,NA,NA,NA,0,0,-1,2023-09-01 | n_incidentes | 1000m,2023-09,1000,n_incidentes
fixest::tiempo_evento::0:tratada,0.11618239355338189,0.4681433224728205,0.2481769748197727,0.8040255863615439,-0.8019746156861411,1.034339402792905,0,2023-09-01 | n_incidentes | 1000m,2023-09,1000,n_incidentes
fixest::tiempo_evento::1:tratada,1.0854027617928084,0.47257560345088384,2.2967812004404866,0.021744775748280456,0.1585528381153909,2.0122526854702256,1,2023-09-01 | n_incidentes | 1000m,2023-09,1000,n_incidentes
fixest::tiempo_evento::2:tratada,0.3525230149573122,0.4848509138675823,0.7270750758110148,0.4672738362204958,-0.5984021475596745,1.3034481774742988,2,2023-09-01 | n_incidentes | 1000m,2023-09,1000,n_incidentes
fixest::tiempo_evento::3:tratada,0.8847612197904984,0.512408841088478,1.726670480374725,0.08439720302804575,-0.12021257019451559,1.8897350097755123,3,2023-09-01 | n_incidentes | 1000m,2023-09,1000,n_incidentes
fixest::tiempo_evento::4:tratada,-2.397169159956591,0.46401380196986636,-5.166159174102037,2.652675409926981e-7,-3.307227050801008,-1.487111269112174,4,2023-09-01 | n_incidentes | 1000m,2023-09,1000,n_incidentes
fixest::tiempo_evento::5:tratada,-1.5023590333742347,0.4397820159289884,-3.4161447693596014,6.491608749417577e-4,-2.364891768712207,-0.6398262980362625,5,2023-09-01 | n_incidentes | 1000m,2023-09,1000,n_incidentes
fixest::tiempo_evento::-12:tratada,0.045454545454796144,0.049949893279230315,0.9100028542742976,0.36294196667170575,-0.05251084767062669,0.14341993858021898,-12,2023-09-01 | n_victimas | 1000m,2023-09,1000,n_victimas
fixest::tiempo_evento::-11:tratada,0.06806386651349082,0.05057926388395497,1.345687170727734,0.178571685357629,-0.031135894388631027,0.16726362741561268,-11,2023-09-01 | n_victimas | 1000m,2023-09,1000,n_victimas
fixest::tiempo_evento::-10:tratada,-0.029174338319691056,0.04488921805652688,-0.6499186125931885,0.5158271320285958,-0.11721436413950696,0.058865687500124844,-10,2023-09-01 | n_victimas | 1000m,2023-09,1000,n_victimas
fixest::tiempo_evento::-9:tratada,0.031700230149839644,0.04866831962160243,0.6513524690457743,0.5149015356269604,-0.06375164675069656,0.12715210705037583,-9,2023-09-01 | n_victimas | 1000m,2023-09,1000,n_victimas
fixest::tiempo_evento::-8:tratada,-0.03358745684673403,0.046795200344453274,-0.7177543123974512,0.47300125932503556,-0.12536563488006913,0.058190721186601055,-8,2023-09-01 | n_victimas | 1000m,2023-09,1000,n_victimas
fixest::tiempo_evento::-7:tratada,0.02254027617975546,0.04884793975517548,0.46143760192807926,0.6445400342704796,-0.07326388489685207,0.11834443725636298,-7,2023-09-01 | n_victimas | 1000m,2023-09,1000,n_victimas
fixest::tiempo_evento::-6:tratada,0.039375719217738275,0.05114263576474858,0.7699196302447718,0.4414478716320228,-0.06092896792455041,0.13968040636002696,-6,2023-09-01 | n_victimas | 1000m,2023-09,1000,n_victimas
fixest::tiempo_evento::-5:tratada,0.011562140391488236,0.044793735284498745,0.25811958565307264,0.7963439129890153,-0.07629061761483805,0.0994148983978145,-5,2023-09-01 | n_victimas | 1000m,2023-09,1000,n_victimas
fixest::tiempo_evento::-4:tratada,0.012186421173998728,0.04566138179133574,0.2668868241808465,0.7895866539795404,-0.07736802877911556,0.101740871127113,-4,2023-09-01 | n_victimas | 1000m,2023-09,1000,n_victimas
fixest::tiempo_evento::-3:tratada,1.4384350056871609e-5,0.044640604059872406,3.222257037019298e-4,0.9997429365400665,-0.0875380414706442,0.08756681017075793,-3,2023-09-01 | n_victimas | 1000m,2023-09,1000,n_victimas
fixest::tiempo_evento::-2:tratada,-0.00867376294568932,0.04416678199105621,-0.19638657277421206,0.844329615165717,-0.0952968941834452,0.07794936829206656,-2,2023-09-01 | n_victimas | 1000m,2023-09,1000,n_victimas
NA,0,NA,NA,NA,0,0,-1,2023-09-01 | n_victimas | 1000m,2023-09,1000,n_victimas
fixest::tiempo_evento::0:tratada,-0.02291426927480729,0.04519151174984355,-0.5070480802157855,0.6121827478195867,-0.11154717565073476,0.06571863710112018,0,2023-09-01 | n_victimas | 1000m,2023-09,1000,n_victimas
fixest::tiempo_evento::1:tratada,0.0404027617954129,0.04432586619055805,0.9114940161963305,0.36215631271901516,-0.046532377038778036,0.12733790062960382,1,2023-09-01 | n_victimas | 1000m,2023-09,1000,n_victimas
fixest::tiempo_evento::2:tratada,-0.0038032220941321103,0.04532963969533984,-0.08390144108123375,0.9331440565252267,-0.09270703512458445,0.08510059093632022,2,2023-09-01 | n_victimas | 1000m,2023-09,1000,n_victimas
fixest::tiempo_evento::3:tratada,0.055558112773554866,0.048966004739445505,1.134626218111664,0.2566819518769153,-0.04047760600696411,0.15159383155407385,3,2023-09-01 | n_victimas | 1000m,2023-09,1000,n_victimas
fixest::tiempo_evento::4:tratada,0.015975258918533873,0.045993404669100874,0.3473380375614227,0.7283776931061127,-0.07423037864703563,0.10618089648410337,4,2023-09-01 | n_victimas | 1000m,2023-09,1000,n_victimas
fixest::tiempo_evento::5:tratada,-0.01226985040253787,0.04474856899201997,-0.27419536934747474,0.7839657233855438,-0.10003402496437175,0.07549432415929602,5,2023-09-01 | n_victimas | 1000m,2023-09,1000,n_victimas
fixest::tiempo_evento::6:tratada,2.2958024370467456e-13,0.04463535327440153,5.143462006300268e-12,0.9999999999958966,-0.08754212759500792,0.08754212759546708,6,2023-09-01 | n_victimas | 1000m,2023-09,1000,n_victimas
fixest::tiempo_evento::7:tratada,0.055350978136041215,0.048374064252074925,1.1442283999047491,0.2526799714503488,-0.03952378355838472,0.15022573983046716,7,2023-09-01 | n_victimas | 1000m,2023-09,1000,n_victimas
fixest::tiempo_evento::8:tratada,0.06277617951694718,0.057023651386236274,1.1008796874782274,0.27109516158597136,-0.04906278667004485,0.1746151457039392,8,2023-09-01 | n_victimas | 1000m,2023-09,1000,n_victimas
fixest::tiempo_evento::9:tratada,0.011228423475492529,0.04723760009285605,0.23770097239107313,0.8121398880034736,-0.0814174213820455,0.10387426833303057,9,2023-09-01 | n_victimas | 1000m,2023-09,1000,n_victimas
fixest::tiempo_evento::10:tratada,-0.018388952819109336,0.04459223636925947,-0.41238014318981586,0.6801095707604115,-0.10584651637856439,0.06906861074034572,10,2023-09-01 | n_victimas | 1000m,2023-09,1000,n_victimas
