carpeta,archivo,extension,tamano_mb,modification_time,ruta_relativa
01_incidentes_c5,inViales_2014_2015.csv,csv,65.282,2026-01-23T17:27:30Z,01_incidentes_c5/inViales_2014_2015.csv
01_incidentes_c5,inViales_2016_2018.csv,csv,123.364,2026-01-23T17:27:27Z,01_incidentes_c5/inViales_2016_2018.csv
01_incidentes_c5,inViales_2019_2021.csv,csv,109.599,2026-01-23T17:27:29Z,01_incidentes_c5/inViales_2019_2021.csv
01_incidentes_c5,inViales_2022_2023.csv,csv,67.403,2026-01-23T17:24:22Z,01_incidentes_c5/inViales_2022_2023.csv
01_incidentes_c5,inViales_2022_2024.csv,csv,99.362,2026-08-07T04:25:53Z,01_incidentes_c5/inViales_2022_2024.csv
02_hechos_transito_ssc,hechos-de-transito-reportados-por-ssc-base-comparativa.csv,csv,9.349,2026-08-07T04:32:02Z,02_hechos_transito_ssc/hechos-de-transito-reportados-por-ssc-base-comparativa.csv
02_hechos_transito_ssc,nuevo_acumulado_hechos_de_transito_2023_12.csv,csv,26.713,2026-08-07T04:24:06Z,02_hechos_transito_ssc/nuevo_acumulado_hechos_de_transito_2023_12.csv
02_hechos_transito_ssc,nuevo_acumulado_ht_personas_lesionadas_o_fallecidas_por_edad_2023_12.csv,csv,30.857,2026-08-07T04:24:31Z,02_hechos_transito_ssc/nuevo_acumulado_ht_personas_lesionadas_o_fallecidas_por_edad_2023_12.csv
02_hechos_transito_ssc,nuevo_acumulado_ht_personas_lesionadas_o_fallecidas_por_sexo_2023_12.csv,csv,28.922,2026-08-07T04:24:18Z,02_hechos_transito_ssc/nuevo_acumulado_ht_personas_lesionadas_o_fallecidas_por_sexo_2023_12.csv
02_hechos_transito_ssc,nuevo_acumulado_ht_personas_lesionadas_o_fallecidas_por_tipo_persona_2023_12.csv,csv,22.972,2026-08-07T04:24:40Z,02_hechos_transito_ssc/nuevo_acumulado_ht_personas_lesionadas_o_fallecidas_por_tipo_persona_2023_12.csv
02_hechos_transito_ssc,nuevo_acumulado_ht_vehiculos_incolucrados_2023_12.csv,csv,46.642,2026-08-07T04:24:45Z,02_hechos_transito_ssc/nuevo_acumulado_ht_vehiculos_incolucrados_2023_12.csv
05_infracciones/generales,infracciones_infracciones_transito_2020_b1.csv,csv,414.868,2026-01-23T17:25:03Z,05_infracciones/generales/infracciones_infracciones_transito_2020_b1.csv
05_infracciones/generales,infracciones_infracciones_transito_2020_b2.csv,csv,167.009,2026-01-23T17:26:33Z,05_infracciones/generales/infracciones_infracciones_transito_2020_b2.csv
05_infracciones/generales,infracciones_infracciones_transito_2020_b3.csv,csv,14.939,2026-01-23T17:27:30Z,05_infracciones/generales/infracciones_infracciones_transito_2020_b3.csv
05_infracciones/generales,infracciones_infracciones_transito_2020_b4.csv,csv,218.721,2026-01-23T17:26:37Z,05_infracciones/generales/infracciones_infracciones_transito_2020_b4.csv
05_infracciones/generales,infracciones_infracciones_transito_2020_b5.csv,csv,465.83,2026-01-23T17:26:10Z,05_infracciones/generales/infracciones_infracciones_transito_2020_b5.csv
05_infracciones/generales,infracciones_infracciones_transito_2020_b6.csv,csv,502.551,2026-01-23T17:26:26Z,05_infracciones/generales/infracciones_infracciones_transito_2020_b6.csv
05_infracciones/generales,infracciones_infracciones_transito_2021_b1.csv,csv,404.825,2026-01-23T17:24:30Z,05_infracciones/generales/infracciones_infracciones_transito_2021_b1.csv
05_infracciones/generales,infracciones_infracciones_transito_2021_b2.csv,csv,154.886,2026-01-23T17:25:13Z,05_infracciones/generales/infracciones_infracciones_transito_2021_b2.csv
05_infracciones/generales,infracciones_infracciones_transito_2021_b3.csv,csv,146.992,2026-01-23T17:25:33Z,05_infracciones/generales/infracciones_infracciones_transito_2021_b3.csv
05_infracciones/generales,infracciones_infracciones_transito_2021_b4.csv,csv,171.981,2026-01-23T17:26:44Z,05_infracciones/generales/infracciones_infracciones_transito_2021_b4.csv
05_infracciones/generales,infracciones_infracciones_transito_2021_b5.csv,csv,151.828,2026-01-23T17:24:21Z,05_infracciones/generales/infracciones_infracciones_transito_2021_b5.csv
05_infracciones/generales,infracciones_infracciones_transito_2021_b6.csv,csv,153.835,2026-01-23T17:26:50Z,05_infracciones/generales/infracciones_infracciones_transito_2021_b6.csv
05_infracciones/generales,infracciones_infracciones_transito_2022_b1.csv,csv,105.184,2026-01-23T17:24:46Z,05_infracciones/generales/infracciones_infracciones_transito_2022_b1.csv
05_infracciones/generales,infracciones_infracciones_transito_2022_b2.csv,csv,149.656,2026-01-23T17:25:11Z,05_infracciones/generales/infracciones_infracciones_transito_2022_b2.csv
05_infracciones/generales,infracciones_infracciones_transito_2022_b3.csv,csv,187.452,2026-01-23T17:25:28Z,05_infracciones/generales/infracciones_infracciones_transito_2022_b3.csv
05_infracciones/generales,infracciones_infracciones_transito_2022_b4.csv,csv,197.611,2026-01-23T17:25:19Z,05_infracciones/generales/infracciones_infracciones_transito_2022_b4.csv
05_infracciones/generales,infracciones_infracciones_transito_2022_b5.csv,csv,149.198,2026-01-23T17:24:34Z,05_infracciones/generales/infracciones_infracciones_transito_2022_b5.csv
05_infracciones/generales,infracciones_infracciones_transito_2022_b6.csv,csv,128.877,2026-01-23T17:24:43Z,05_infracciones/generales/infracciones_infracciones_transito_2022_b6.csv
05_infracciones/generales,infracciones_infracciones_transito_2023_b1.csv,csv,149.398,2026-01-23T17:24:40Z,05_infracciones/generales/infracciones_infracciones_transito_2023_b1.csv
05_infracciones/generales,infracciones_infracciones_transito_2023_b2.csv,csv,125.104,2026-01-23T17:24:26Z,05_infracciones/generales/infracciones_infracciones_transito_2023_b2.csv
05_infracciones/parquimetros,1_trim_infrt_parq_2025.csv,csv,4.949,2026-08-07T04:20:32Z,05_infracciones/parquimetros/1_trim_infrt_parq_2025.csv
05_infracciones/parquimetros,2_trim_infrt_parq_2025-.csv,csv,5.383,2026-08-07T04:20:43Z,05_infracciones/parquimetros/2_trim_infrt_parq_2025-.csv
05_infracciones/parquimetros,3_trim_infrt_parq_2025.csv,csv,5.486,2026-08-07T04:20:52Z,05_infracciones/parquimetros/3_trim_infrt_parq_2025.csv
06_fotomultas_pre2019,download.gpkg,gpkg,0.109,2026-08-07T04:29:23Z,06_fotomultas_pre2019/download.gpkg
07_fotocivicas/cumplimiento,cursos_en_linea_fotocivicas_07_22.csv,csv,13.96,2026-08-07T04:23:13Z,07_fotocivicas/cumplimiento/cursos_en_linea_fotocivicas_07_22.csv
07_fotocivicas/cumplimiento,cursos_presenciales_fotocivicas__07_22.csv,csv,38.717,2026-08-07T04:23:14Z,07_fotocivicas/cumplimiento/cursos_presenciales_fotocivicas__07_22.csv
07_fotocivicas/cumplimiento,infractores_fotocivicas_taller_presencial.csv,csv,0,2026-08-07T04:23:12Z,07_fotocivicas/cumplimiento/infractores_fotocivicas_taller_presencial.csv
07_fotocivicas/ubicacion,fotocivicas-ubicacion-lineas.zip,zip,0.007,2026-08-07T04:27:33Z,07_fotocivicas/ubicacion/fotocivicas-ubicacion-lineas.zip
07_fotocivicas/ubicacion,fotocivicas-ubicacion-puntos.zip,zip,0.009,2026-08-07T04:27:35Z,07_fotocivicas/ubicacion/fotocivicas-ubicacion-puntos.zip
07_fotocivicas/ubicacion,fotocivicas-ubicacion.csv,csv,0.014,2026-08-07T04:27:24Z,07_fotocivicas/ubicacion/fotocivicas-ubicacion.csv
08_radares,radares_fotocivicas.gpkg,gpkg,0.227,2026-08-07T03:20:05Z,08_radares/radares_fotocivicas.gpkg
09_infovial,201601_velocidad_limpio.csv,csv,21.02,2026-08-07T04:31:26Z,09_infovial/201601_velocidad_limpio.csv
09_infovial,201701_clasificacion_limpio.csv,csv,129.96,2026-08-07T04:31:45Z,09_infovial/201701_clasificacion_limpio.csv
10_accidentes_peatones_ciclistas,puntos-de-accidentes-de-ciclistas.zip,zip,0.118,2026-08-07T04:28:24Z,10_accidentes_peatones_ciclistas/puntos-de-accidentes-de-ciclistas.zip
10_accidentes_peatones_ciclistas,puntos-de-accidentes-de-peatones.zip,zip,0.634,2026-08-07T04:31:00Z,10_accidentes_peatones_ciclistas/puntos-de-accidentes-de-peatones.zip
11_depositos_vehiculares,depositos_vehiculares_preliminar.csv,csv,1.661,2026-08-07T04:26:25Z,11_depositos_vehiculares/depositos_vehiculares_preliminar.csv
12_accidentes_alcaldias,accidentes_terrestres_alcaldias_cdmx_84.csv,csv,0,2026-08-07T04:30:25Z,12_accidentes_alcaldias/accidentes_terrestres_alcaldias_cdmx_84.csv
13_vehiculos_registrados,vehiculos_circulacion_tipo_vehiculo_1990_2019_64.csv,csv,0.006,2026-08-07T04:30:07Z,13_vehiculos_registrados/vehiculos_circulacion_tipo_vehiculo_1990_2019_64.csv
